sample_id,timestamp_s,spindle_speed_rpm,feed_rate_mm_min,depth_of_cut_mm,cutting_speed_m_min,material_hardness_HRC,spindle_motor_current_A,spindle_torque_Nm,spindle_temp_C,coolant_temp_C,ambient_temp_C,vibration_x_g,vibration_y_g,vibration_z_g,surface_roughness_Ra,dimensional_error_mm,tool_wear_mm,cycle_time_s,tool_condition,fault_label
1,12.5,1319,183.8,1.61,0.33,47.9,13.66,18.83,60.3,28.9,29.7,0.1461,0.1121,0.0437,0.727,0.0135,0.0,39.1,Good,0
2,20.5,1280,136.4,1.38,0.32,38.9,12.61,18.24,55.6,22.8,25.8,0.1342,0.155,0.1099,1.193,0.0148,0.0176,38.6,Good,0
3,34.6,993,158.1,1.78,0.25,36.6,13.39,17.18,61.1,28.4,28.5,0.2466,0.0976,0.0758,1.299,0.0088,0.0,40.8,Good,0
4,47.7,1276,205.1,2.07,0.32,34.2,13.65,17.79,62.3,29.2,31.6,0.211,0.0956,0.0731,1.067,0.0102,0.0,39.5,Good,0
5,62.1,1086,186.0,1.51,0.27,45.3,14.86,18.33,59.3,28.9,27.3,0.1183,0.0691,0.0804,1.53,0.0133,0.0,42.5,Good,0
6,72.7,1384,179.1,2.28,0.35,32.1,14.74,18.6,62.6,23.2,28.4,0.2078,0.098,0.0712,1.327,0.0109,0.0327,42.5,Good,0
7,87.1,1287,161.6,1.15,0.32,26.6,13.08,16.44,60.7,31.7,25.2,0.201,0.0901,0.1475,1.609,0.0109,0.0205,44.5,Good,0
8,101.7,1349,197.7,2.11,0.34,40.7,15.01,18.1,61.4,24.9,26.2,0.1931,0.153,0.1334,1.076,0.0092,0.0023,41.9,Good,0
9,112.8,1124,178.3,1.56,0.28,42.2,12.6,20.06,56.2,29.3,27.6,0.1631,0.0957,0.1373,1.105,0.0076,0.0,47.2,Good,0
10,124.8,941,189.0,1.59,0.24,30.1,11.37,17.77,58.6,26.5,28.0,0.2044,0.0969,0.102,1.409,0.01,0.019,45.3,Good,0
11,135.8,1180,202.4,1.88,0.3,31.0,12.4,21.16,57.1,29.2,29.0,0.67,0.5581,0.4106,4.226,0.1071,0.018,43.3,Good,2
12,150.7,1175,232.3,1.1,0.3,37.3,13.25,19.43,58.9,24.8,26.1,0.242,0.1386,0.0313,1.178,0.0156,0.0652,42.8,Good,0
13,159.8,1259,177.0,1.71,0.32,44.9,14.22,18.0,57.9,25.9,25.8,0.211,0.1092,0.0853,1.037,0.0102,0.0,39.8,Good,0
14,170.5,1140,157.7,1.23,0.29,47.2,13.07,18.38,66.5,31.0,24.2,0.16,0.1371,0.1135,1.388,0.0142,0.0222,38.3,Good,0
15,182.8,1418,176.5,2.24,0.36,35.7,14.19,17.35,59.9,25.5,25.1,0.2004,0.1743,0.087,1.551,0.0118,0.0,45.5,Good,0
16,197.2,1237,169.1,1.21,0.31,38.0,12.32,17.63,60.1,31.7,28.9,0.2317,0.0915,0.1101,1.32,0.0115,0.037,39.1,Good,0
17,206.2,1290,198.5,2.07,0.32,26.5,14.09,18.04,58.1,27.2,26.2,0.2704,0.0859,0.1441,0.88,0.0185,0.0302,41.6,Good,0
18,220.4,1442,187.6,1.04,0.36,51.1,13.48,20.5,56.5,28.6,30.6,0.1387,0.1284,0.0961,0.775,0.0113,0.0159,40.2,Good,0
19,228.5,1247,205.1,2.19,0.31,20,13.0,18.72,65.3,30.2,31.6,0.1777,0.1391,0.0456,1.552,0.0,0.0,43.9,Good,0
20,238.7,1059,157.8,1.11,0.27,41.9,12.94,19.73,54.8,27.5,27.6,0.5496,0.3124,0.2353,6.256,0.049,0.0024,47.4,Good,2
21,251.8,1160,204.5,1.16,0.29,39.4,11.67,17.52,58.0,27.9,27.0,0.1678,0.1613,0.0517,1.327,0.0053,0.0005,39.9,Good,0
22,263.0,1103,187.4,0.65,0.28,37.9,12.05,18.31,54.9,27.3,25.7,0.1835,0.1284,0.0911,1.075,0.0073,0.0072,45.5,Good,0
23,277.0,1339,193.7,1.32,0.34,31.2,13.39,17.39,58.9,26.9,27.6,0.2383,0.1074,0.1116,0.924,0.0183,0.0,42.7,Good,0
24,290.9,940,194.6,0.91,0.24,20,11.19,16.62,55.5,30.6,25.0,0.1418,0.1249,0.0907,0.855,0.0089,0.0,46.3,Good,0
25,304.3,991,174.4,1.48,0.25,38.2,12.78,17.41,54.6,29.9,27.8,0.13,0.109,0.0984,1.396,0.0124,0.0007,45.0,Good,0
26,318.6,1000,156.7,1.92,0.25,24.3,11.33,15.2,61.4,25.4,26.2,0.1865,0.1477,0.0833,1.227,0.0176,0.0028,42.3,Good,0
27,328.9,1134,152.4,1.73,0.29,42.7,13.62,19.86,58.3,27.4,27.2,0.5425,0.4865,0.2325,5.802,0.0757,0.024,46.8,Good,2
28,339.6,1204,123.3,1.5,0.3,38.3,12.25,16.6,55.7,29.3,26.6,0.2085,0.1229,0.1213,1.326,0.0064,0.0294,45.6,Good,0
29,351.6,1247,225.6,1.53,0.31,30.2,13.09,18.44,60.4,25.8,22.5,0.1169,0.1583,0.1308,0.941,0.0123,0.0,44.1,Good,0
30,363.9,1407,210.8,1.82,0.35,26.2,13.96,16.31,60.5,30.2,24.0,0.2803,0.1827,0.0529,1.835,0.008,0.0467,38.4,Good,0
31,376.9,976,199.2,1.81,0.25,33.6,12.02,18.99,54.4,31.5,29.1,0.1822,0.1647,0.0675,0.952,0.0102,0.0141,40.3,Good,0
32,385.1,1256,164.7,1.67,0.32,48.9,13.52,20.41,62.5,24.6,27.2,0.1537,0.0663,0.0368,1.634,0.0221,0.0,42.3,Good,0
33,393.7,1241,225.3,1.32,0.31,44.9,14.02,18.85,62.2,28.9,27.9,0.2253,0.1538,0.0915,1.251,0.0062,0.0,40.1,Good,0
34,403.3,960,184.8,1.98,0.24,33.6,12.6,17.04,58.3,30.5,26.6,0.1716,0.1003,0.1136,1.324,0.0106,0.0039,39.5,Good,0
35,417.4,1049,164.8,1.26,0.26,36.9,12.66,17.41,58.5,29.5,29.1,0.127,0.2405,0.1275,1.542,0.011,0.0511,46.2,Good,0
36,429.6,1227,159.2,1.07,0.31,33.8,12.38,17.03,52.6,28.4,28.3,0.1644,0.1002,0.0955,1.375,0.005,0.0,43.1,Good,0
37,437.6,1008,192.3,1.43,0.25,40.6,12.02,17.27,55.9,29.9,26.1,0.1106,0.104,0.1371,0.825,0.0178,0.0,38.9,Good,0
38,446.1,1265,202.2,1.5,0.32,24.6,12.89,16.42,60.1,30.1,27.5,0.1633,0.1473,0.1544,1.337,0.0157,0.004,46.2,Good,0
39,460.0,872,146.5,2.1,0.22,35.0,11.22,18.27,62.1,26.5,25.3,0.2188,0.1401,0.0677,1.289,0.0038,0.0059,46.0,Good,0
40,474.0,1089,220.5,1.27,0.27,53.7,14.24,18.78,61.4,30.9,26.8,0.1302,0.1091,0.1009,0.959,0.0049,0.0167,44.9,Good,0
41,487.3,1021,144.1,1.65,0.26,44.7,12.53,18.48,60.8,25.6,26.2,0.3099,0.1889,0.1185,1.161,0.0181,0.0263,40.6,Good,0
42,496.1,1287,149.4,1.4,0.32,25.7,12.99,17.51,58.5,30.9,24.3,0.1655,0.1897,0.0298,1.674,0.0054,0.0016,45.6,Good,0
43,507.7,1252,157.9,1.34,0.31,45.1,13.87,17.39,59.1,27.4,28.2,0.1589,0.0707,0.0953,1.29,0.008,0.0305,47.6,Good,0
44,516.0,1192,133.1,1.65,0.3,27.7,13.18,14.95,56.5,29.5,25.5,0.1255,0.1128,0.0847,0.803,0.0157,0.0,39.0,Good,0
45,528.5,1295,207.9,1.86,0.33,33.6,13.01,17.3,64.5,28.2,22.9,0.1983,0.1234,0.0441,0.861,0.0131,0.0,37.0,Good,0
46,543.5,1197,148.0,1.96,0.3,41.6,13.6,18.06,62.6,29.5,29.0,0.0988,0.0914,0.0959,1.075,0.0197,0.023,43.4,Good,0
47,557.6,1119,164.8,1.69,0.28,32.7,12.03,17.52,65.9,32.3,27.7,0.1192,0.0901,0.0698,1.856,0.1417,0.0,43.0,Good,3
48,571.5,1246,208.1,1.21,0.31,35.6,12.96,17.63,63.8,26.7,24.0,0.2451,0.1366,0.025,1.057,0.0173,0.0,42.1,Good,0
49,581.5,1262,140.9,1.16,0.32,44.1,12.47,19.3,57.6,27.2,29.0,0.1088,0.0889,0.1112,0.941,0.0137,0.0,43.3,Good,0
50,594.8,1236,194.3,0.47,0.31,29.8,12.08,17.34,55.3,27.5,27.8,0.2068,0.1149,0.1482,1.093,0.0126,0.0,40.8,Good,0
51,607.8,1589,170.1,1.63,0.4,27.8,13.4,15.35,58.5,28.9,26.6,0.1811,0.129,0.1188,1.188,0.007,0.0096,39.6,Good,0
52,622.3,1210,190.7,1.89,0.3,20,13.74,18.18,63.4,29.4,28.7,0.1405,0.0621,0.1195,1.449,0.0082,0.0023,41.0,Good,0
53,635.5,1288,205.6,1.88,0.32,40.4,14.71,20.77,59.1,27.0,24.7,0.7934,0.4017,0.2604,6.074,0.034,0.0,43.2,Good,2
54,644.3,1295,153.0,1.2,0.33,25.2,13.67,17.89,62.3,28.4,28.3,0.2105,0.0939,0.1287,1.188,0.0148,0.0059,47.2,Good,0
55,652.3,1253,167.0,1.71,0.31,39.4,13.57,19.67,61.7,31.1,28.1,0.3443,0.3822,0.1348,6.047,0.0837,0.0229,43.1,Good,2
56,663.9,1338,202.5,1.61,0.34,34.2,13.45,16.84,60.8,27.1,24.9,0.1965,0.1116,0.1259,0.763,0.0126,0.018,44.3,Good,0
57,672.4,1167,222.0,1.16,0.29,32.9,13.34,18.52,56.2,28.4,23.8,0.1919,0.1628,0.0937,1.293,0.018,0.0344,45.2,Good,0
58,683.6,1142,186.8,0.97,0.29,40.3,12.49,19.35,62.4,29.0,24.6,0.125,0.0934,0.0826,1.308,0.0112,0.0019,43.4,Good,0
59,694.0,1073,136.9,1.93,0.27,25.6,13.6,16.7,60.7,29.1,25.4,0.1852,0.0679,0.1104,1.243,0.0135,0.0367,37.1,Good,0
60,708.8,1286,142.4,1.44,0.32,33.6,12.78,17.16,60.4,29.8,25.1,0.1575,0.1329,0.085,1.13,0.011,0.0443,42.1,Good,0
61,722.1,1234,210.6,1.29,0.31,41.5,13.25,17.37,56.9,27.6,29.9,0.1262,0.1239,0.0827,0.787,0.013,0.0044,47.0,Good,0
62,730.9,1089,190.4,1.3,0.27,26.7,12.58,16.97,60.9,27.9,28.8,0.2628,0.1232,0.1032,1.157,0.0146,0.0076,44.7,Good,0
63,743.8,916,179.9,1.55,0.23,32.1,12.2,17.76,56.6,27.1,27.5,0.7838,0.4362,0.3612,4.82,0.097,0.0146,38.3,Good,2
64,757.6,1256,173.8,1.67,0.32,30.0,13.69,17.82,63.1,29.8,28.6,0.2185,0.0993,0.0821,1.039,0.0076,0.0,36.5,Good,0
65,771.3,1207,196.8,1.68,0.3,45.3,13.28,19.01,56.6,30.3,25.8,0.1338,0.0779,0.1177,0.875,0.0023,0.0131,39.0,Good,0
66,780.4,1347,193.5,1.4,0.34,41.1,13.91,20.12,63.2,29.7,24.8,0.1243,0.118,0.0399,1.404,0.0205,0.0337,40.7,Good,0
67,794.7,940,197.0,1.3,0.24,29.3,11.81,16.89,55.3,28.7,28.3,0.1303,0.1364,0.0725,1.223,0.0137,0.0002,41.8,Good,0
68,805.3,1168,210.1,1.22,0.29,44.2,12.49,18.47,55.3,31.4,24.7,0.1469,0.1658,0.1076,0.906,0.0092,0.0188,44.4,Good,0
69,820.0,1152,151.6,0.72,0.29,24.4,11.5,15.91,55.1,25.2,26.5,0.138,0.1375,0.0777,1.441,0.0057,0.0048,43.5,Good,0
70,829.5,1364,168.8,1.53,0.34,39.3,12.53,18.93,61.1,28.1,25.9,0.1587,0.1366,0.1152,1.563,0.0176,0.0462,38.2,Good,0
71,843.2,1281,207.8,0.99,0.32,41.4,13.39,17.63,65.2,24.3,27.7,0.0982,0.1916,0.1232,1.512,0.0048,0.0139,41.9,Good,0
72,853.2,1065,204.8,2.22,0.27,31.9,12.36,19.48,62.7,29.0,25.7,0.1833,0.0882,0.104,1.118,0.0153,0.0159,41.3,Good,0
73,864.2,1300,173.0,1.15,0.33,37.2,13.21,19.96,61.4,29.5,24.5,0.187,0.099,0.077,1.271,0.0158,0.0191,47.8,Good,0
74,877.1,1351,215.9,1.46,0.34,35.3,12.76,18.62,62.0,27.8,27.6,0.1022,0.1543,0.076,1.371,0.0104,0.0263,42.8,Good,0
75,891.4,1178,176.9,1.2,0.3,34.4,13.3,19.79,63.9,30.2,28.0,0.031,0.1145,0.0619,1.486,0.0049,0.0261,41.4,Good,0
76,902.7,922,116.4,1.5,0.23,36.4,11.26,17.18,59.5,24.5,26.0,0.2194,0.182,0.0449,1.029,0.012,0.0175,43.3,Good,0
77,915.2,1220,170.0,1.57,0.31,26.3,12.76,18.02,59.6,27.9,30.3,0.197,0.155,0.1016,1.307,0.0161,0.0117,36.3,Good,0
78,925.5,1302,200.3,2.01,0.33,26.6,13.5,15.48,59.6,27.9,26.2,0.1057,0.0754,0.0647,1.135,0.0001,0.0291,41.7,Good,0
79,934.0,1132,158.2,1.16,0.28,29.9,14.99,18.09,67.8,28.7,26.7,0.522,0.3188,0.365,4.308,0.0374,0.0068,37.8,Good,2
80,948.7,1328,212.1,1.52,0.33,32.9,13.09,16.7,53.7,25.6,29.4,0.1251,0.098,0.0552,1.514,0.0061,0.0455,45.2,Good,0
81,958.5,1385,212.0,1.1,0.35,35.0,13.44,18.76,58.8,30.8,29.7,0.0778,0.1454,0.0779,1.126,0.0141,0.0,42.4,Good,0
82,971.2,1274,158.3,1.42,0.32,37.4,12.89,18.04,56.7,29.0,27.9,0.2368,0.1742,0.1276,1.062,0.0164,0.0,42.6,Good,0
83,981.8,1263,144.1,1.37,0.32,32.8,12.06,19.52,63.6,26.6,25.3,0.1605,0.0867,0.1276,2.12,0.0111,0.0,38.4,Good,0
84,994.3,1362,251.1,0.7,0.34,42.2,14.13,17.23,66.3,31.1,24.6,0.1797,0.1768,0.0753,1.317,0.0077,0.0242,41.9,Good,0
85,1004.4,1027,172.6,1.97,0.26,51.6,12.24,19.64,58.5,30.7,27.8,0.1157,0.0931,0.0933,1.596,0.0151,0.0313,39.4,Good,0
86,1016.9,989,180.5,1.25,0.25,54.4,12.61,18.44,60.2,28.8,29.6,0.1495,0.1788,0.0841,1.248,0.0116,0.0,36.1,Good,0
87,1031.7,1298,201.1,1.18,0.33,32.4,13.76,16.87,58.7,28.8,26.1,0.1493,0.1664,0.0705,1.241,0.0088,0.0,46.7,Good,0
88,1043.2,1024,176.7,1.47,0.26,36.6,12.68,15.74,59.3,26.7,25.1,0.0857,0.1023,0.0337,1.213,0.0109,0.0376,45.1,Good,0
89,1056.3,1212,151.5,1.08,0.3,41.1,12.5,19.37,59.5,32.0,30.7,0.1101,0.164,0.0523,1.571,0.0116,0.0241,48.4,Good,0
90,1069.6,1256,214.0,1.38,0.32,35.0,12.72,17.25,63.7,31.2,32.2,0.1772,0.0863,0.0609,1.453,0.0066,0.0273,47.2,Good,0
91,1081.3,1168,155.5,1.65,0.29,28.0,12.04,17.99,60.2,31.4,26.3,0.1907,0.0682,0.0829,0.58,0.0088,0.0,38.1,Good,0
92,1090.5,1056,149.8,1.62,0.27,31.2,12.69,18.02,63.0,25.1,28.8,0.2691,0.0811,0.089,1.184,0.015,0.0138,41.1,Good,0
93,1099.5,1235,205.7,1.24,0.31,26.7,13.79,16.67,55.7,27.0,24.4,0.1933,0.1481,0.07,1.376,0.0053,0.0113,41.4,Good,0
94,1114.3,1163,203.7,1.67,0.29,47.1,13.43,18.73,57.0,31.7,26.5,0.2667,0.0997,0.0838,1.437,0.0101,0.0087,44.5,Good,0
95,1127.3,1108,206.7,1.48,0.28,44.1,13.49,18.17,58.3,26.8,24.8,0.1694,0.11,0.0492,1.568,0.0157,0.0238,44.8,Good,0
96,1136.0,1202,177.0,0.63,0.3,29.3,14.12,16.03,63.7,28.7,26.5,0.1247,0.0978,0.0782,1.523,0.014,0.0,35.1,Good,0
97,1150.4,1341,235.3,1.9,0.34,51.0,13.47,20.04,60.1,27.1,26.6,0.2207,0.1165,0.1275,1.306,0.0229,0.0369,42.3,Good,0
98,1161.8,1471,158.0,1.24,0.37,36.0,14.67,17.82,57.1,28.1,25.8,0.246,0.053,0.1068,1.375,0.0145,0.026,39.2,Good,0
99,1170.4,1153,163.2,1.72,0.29,40.5,12.91,18.19,59.2,26.3,24.5,0.2032,0.1276,0.0793,1.446,0.0149,0.0173,45.1,Good,0
100,1181.9,1385,151.4,1.43,0.35,38.7,13.87,17.77,56.4,25.8,28.3,0.1189,0.1291,0.0792,1.19,0.0135,0.0318,40.6,Good,0
101,1191.7,1209,119.1,1.88,0.3,39.3,13.06,17.31,59.1,26.9,29.1,0.2053,0.1381,0.0786,1.149,0.0051,0.0152,41.6,Good,0
102,1203.3,1259,149.2,1.06,0.32,34.3,13.72,17.12,56.1,29.8,27.5,0.3276,0.17,0.1004,1.414,0.0046,0.0385,42.1,Good,0
103,1217.8,1351,186.1,1.58,0.34,21.5,14.21,17.23,58.8,26.8,24.3,0.1094,0.1058,0.0792,1.29,0.0049,0.0464,44.2,Good,0
104,1229.6,962,171.3,1.51,0.24,35.7,12.12,17.7,61.6,27.2,31.6,0.1762,0.1007,0.1014,1.334,0.0026,0.0347,39.6,Good,0
105,1242.9,1220,176.4,1.55,0.31,38.6,12.56,18.11,62.0,28.4,26.5,0.1387,0.1192,0.1095,1.404,0.0119,0.0446,38.2,Good,0
106,1253.1,1017,154.1,1.35,0.26,41.1,13.05,19.63,54.5,26.5,25.5,0.0461,0.1229,0.1318,1.598,0.0231,0.0366,40.9,Good,0
107,1266.6,1135,208.3,1.73,0.29,41.3,11.96,19.76,57.6,30.5,26.5,0.2048,0.1423,0.1025,0.974,0.0086,0.0192,46.4,Good,0
108,1281.1,1238,169.2,1.46,0.31,29.9,14.04,16.86,56.2,24.0,27.5,0.1175,0.207,0.1602,1.617,0.014,0.0153,42.9,Good,0
109,1295.8,1637,259.4,1.2,0.41,35.8,13.67,17.33,61.0,27.8,29.4,0.1572,0.1203,0.1235,1.121,0.0112,0.0082,41.7,Good,0
110,1309.7,1324,165.2,1.06,0.33,40.3,13.0,18.4,62.5,25.2,29.6,0.1071,0.1203,0.0808,1.401,0.0065,0.0211,40.2,Good,0
111,1323.5,1410,171.0,1.26,0.35,35.3,13.21,17.31,59.8,31.8,27.8,0.2499,0.0999,0.0928,1.122,0.0165,0.0226,39.2,Good,0
112,1337.4,1227,226.7,1.97,0.31,35.5,13.4,19.62,60.1,30.4,27.2,0.1587,0.2288,0.1446,1.448,0.0042,0.0,42.6,Good,0
113,1350.1,1314,118.3,1.64,0.33,37.2,14.07,16.78,62.4,22.4,24.6,0.1915,0.18,0.1152,1.413,0.0108,0.0273,38.8,Good,0
114,1364.1,1204,166.7,1.13,0.3,42.0,13.41,16.29,57.4,30.0,28.4,0.2132,0.1273,0.1324,1.279,0.0031,0.0224,37.7,Good,0
115,1375.4,1256,183.4,2.27,0.32,27.3,13.26,17.35,55.3,27.4,27.5,0.1994,0.1453,0.1051,1.22,0.0172,0.0152,39.6,Good,0
116,1389.7,1076,223.9,2.26,0.27,53.4,13.61,19.34,63.6,29.9,26.4,0.1818,0.1103,0.0763,0.958,0.002,0.0163,51.5,Good,0
117,1401.1,980,236.2,0.95,0.25,40.0,11.98,19.26,62.8,25.8,24.6,0.1703,0.1373,0.1157,1.158,0.0103,0.0158,42.3,Good,0
118,1411.6,1190,195.9,1.67,0.3,43.1,14.27,20.13,62.4,27.5,28.9,0.9544,0.5728,0.5554,4.724,0.1025,0.0012,37.4,Good,2
119,1423.7,1271,205.7,1.72,0.32,40.2,13.43,18.52,62.3,26.1,25.1,0.188,0.1379,0.0654,1.244,0.0087,0.0134,49.1,Good,0
120,1434.0,1003,142.9,1.33,0.25,41.3,13.77,18.2,61.5,33.1,25.8,0.1602,0.1796,0.0508,0.856,0.0066,0.0367,42.7,Good,0
121,1443.7,1003,218.8,1.35,0.25,37.5,11.96,16.64,60.1,26.5,27.6,0.1475,0.0508,0.0987,1.069,0.0,0.0,39.0,Good,0
122,1455.2,1125,163.4,1.16,0.28,24.4,13.0,17.67,57.3,24.6,26.0,0.1125,0.1857,0.0484,1.174,0.0063,0.0231,41.3,Good,0
123,1463.8,1226,136.4,1.15,0.31,44.1,11.52,17.94,60.1,27.9,29.4,0.1146,0.1138,0.061,1.626,0.014,0.0765,41.6,Good,0
124,1474.5,1228,140.4,1.13,0.31,35.0,13.94,17.73,61.9,26.7,27.4,0.1235,0.1249,0.0471,1.31,0.0204,0.0308,44.2,Good,0
125,1484.7,1115,232.0,2.08,0.28,45.3,13.5,20.11,62.7,29.4,26.6,0.1536,0.1344,0.0697,0.91,0.0103,0.0037,39.6,Good,0
126,1492.9,1125,166.9,1.17,0.28,30.7,12.76,17.43,58.1,27.0,29.0,0.1723,0.1995,0.0478,1.091,0.013,0.0181,41.5,Good,0
127,1505.1,1047,154.3,1.05,0.26,47.6,12.37,18.86,60.3,27.6,28.2,0.1592,0.0752,0.0758,0.892,0.0084,0.0,42.8,Good,0
128,1515.8,1284,219.2,1.3,0.32,24.2,13.72,17.71,61.1,29.1,27.1,0.2313,0.0255,0.055,1.343,0.0102,0.0477,42.6,Good,0
129,1528.6,952,209.0,1.33,0.24,35.2,12.16,16.27,60.1,28.3,24.5,0.1987,0.1329,0.0988,1.448,0.0098,0.0556,37.3,Good,0
130,1539.2,1219,172.1,1.4,0.31,25.1,15.16,15.71,60.7,28.9,25.0,0.2664,0.1174,0.0945,1.288,0.006,0.0319,47.9,Good,0
131,1551.3,1060,218.1,1.34,0.27,31.4,12.92,16.7,58.6,27.5,25.4,0.1693,0.1986,0.1351,1.425,0.0092,0.0315,42.0,Good,0
132,1559.9,1456,167.8,2.59,0.37,22.8,13.04,17.02,56.3,25.4,27.2,0.1739,0.1611,0.0494,1.193,0.0092,0.0299,43.7,Good,0
133,1574.1,1351,199.9,1.33,0.34,53.5,13.07,19.87,65.1,33.0,25.4,0.237,0.1392,0.0964,2.339,0.1274,0.0,45.1,Good,3
134,1583.6,1167,235.9,1.22,0.29,44.0,13.01,19.13,56.4,30.8,29.8,0.1783,0.1205,0.1095,1.09,0.0123,0.0022,41.5,Good,0
135,1596.4,1347,212.0,2.0,0.34,50.6,13.64,19.08,61.9,27.5,25.6,0.1364,0.0683,0.1241,1.618,0.0134,0.0191,42.3,Good,0
136,1605.3,1234,224.8,2.12,0.31,35.7,13.66,18.37,58.6,26.4,30.8,0.2361,0.1723,0.0903,0.665,0.0168,0.048,41.1,Good,0
137,1620.3,1315,208.8,2.08,0.33,35.6,14.11,18.54,59.3,30.7,29.0,0.1384,0.099,0.1154,1.347,0.0035,0.0,41.4,Good,0
138,1629.3,1189,192.4,0.99,0.3,31.4,12.35,15.99,59.4,28.0,25.3,0.2806,0.1487,0.1236,0.928,0.0077,0.0,41.0,Good,0
139,1638.1,999,180.1,0.41,0.25,31.1,11.73,16.06,54.4,31.3,26.0,0.1986,0.1216,0.0893,1.364,0.0092,0.0706,43.9,Good,0
140,1646.5,1244,145.4,1.17,0.31,28.2,12.66,16.13,63.3,29.1,30.5,0.1315,0.111,0.0522,1.397,0.007,0.0,37.7,Good,0
141,1659.2,1413,198.8,1.4,0.36,20,13.17,16.21,55.7,30.3,29.1,0.171,0.0972,0.1249,1.335,0.0083,0.0324,41.4,Good,0
142,1672.7,1183,162.2,1.99,0.3,45.0,13.25,20.62,69.6,33.3,26.6,0.1346,0.1305,0.0512,2.421,0.1284,0.0198,42.3,Good,3
143,1683.3,1198,194.0,0.93,0.3,29.3,14.07,18.21,60.9,31.6,25.3,0.2636,0.3189,0.3086,5.945,0.0808,0.0281,39.3,Good,2
144,1693.6,993,204.1,1.48,0.25,38.2,10.86,18.55,58.6,26.4,27.4,0.205,0.0905,0.0864,1.437,0.0152,0.0086,42.0,Good,0
145,1703.0,1082,170.0,1.18,0.27,28.8,11.91,16.83,59.7,26.8,27.8,0.1255,0.1829,0.1428,1.058,0.0171,0.0056,36.9,Good,0
146,1711.0,1040,131.3,1.47,0.26,31.3,12.5,18.8,62.9,29.9,25.5,0.1653,0.0832,0.1025,1.198,0.0184,0.0109,42.0,Good,0
147,1719.6,1386,221.3,1.96,0.35,39.7,14.83,18.22,55.9,27.3,28.4,0.21,0.1322,0.0974,1.456,0.0064,0.0,38.1,Good,0
148,1728.7,1286,208.9,1.09,0.32,40.5,13.44,17.53,55.0,27.8,26.5,0.2029,0.0894,0.109,1.28,0.0141,0.039,43.8,Good,0
149,1739.2,975,176.2,1.42,0.25,59.4,13.26,20.24,57.3,31.8,27.3,0.2063,0.1177,0.1029,1.387,0.0123,0.0459,40.1,Good,0
150,1751.6,1078,148.7,1.46,0.27,49.6,13.76,19.31,56.9,30.1,27.6,0.2122,0.1655,0.1031,1.312,0.0192,0.0333,39.8,Good,0
151,1759.8,1162,163.1,1.56,0.29,40.0,14.16,18.82,61.6,29.5,27.6,0.706,0.4909,0.411,6.63,0.0804,0.0185,39.8,Good,2
152,1772.3,1286,129.4,2.2,0.32,34.1,13.57,17.92,62.5,28.8,31.2,0.1831,0.1063,0.1268,1.474,0.0056,0.0105,42.0,Good,0
153,1785.6,1605,179.8,1.97,0.4,41.9,14.51,19.63,57.0,25.7,30.0,0.1975,0.0994,0.0446,1.726,0.0147,0.0228,39.3,Good,0
154,1798.5,1231,176.3,1.2,0.31,20,12.4,15.59,63.2,29.2,27.8,0.1919,0.168,0.1571,1.084,0.0144,0.0031,42.1,Good,0
155,1807.9,1363,214.8,2.17,0.34,27.5,12.58,19.18,54.6,24.7,30.4,0.1617,0.1313,0.0848,1.322,0.0127,0.0251,43.9,Good,0
156,1817.0,1452,163.2,2.06,0.36,32.2,13.59,17.03,59.8,26.9,29.9,0.2363,0.1664,0.1594,1.939,0.0134,0.0513,40.4,Good,0
157,1827.8,1588,177.2,2.03,0.4,37.2,14.32,18.13,59.1,29.2,26.9,0.1962,0.1086,0.0791,1.108,0.0162,0.0734,38.9,Good,0
158,1842.0,1089,187.8,1.5,0.27,38.0,11.81,20.73,57.0,26.2,28.7,0.7907,0.5152,0.4151,5.382,0.0742,0.0271,39.1,Good,2
159,1854.8,1231,190.0,1.69,0.31,29.5,13.85,15.27,58.1,30.2,28.5,0.1366,0.0899,0.1603,1.78,0.0046,0.007,43.5,Good,0
160,1863.9,1267,168.8,1.72,0.32,38.2,13.86,18.06,61.0,24.6,25.3,0.2069,0.1511,0.0675,1.677,0.0116,0.0392,43.7,Good,0
161,1876.6,1119,168.2,1.74,0.28,35.8,13.33,17.56,58.4,26.8,26.6,0.2161,0.0947,0.0679,1.377,0.0067,0.0259,43.2,Good,0
162,1887.8,1218,203.5,2.12,0.31,40.0,13.25,16.88,58.0,28.9,25.1,0.0821,0.1022,0.0288,1.18,0.0178,0.024,43.3,Good,0
163,1899.2,1485,210.8,1.39,0.37,25.8,14.46,18.31,68.6,31.6,26.4,0.2168,0.1499,0.122,1.11,0.019,0.0575,42.6,Good,0
164,1914.1,1002,139.2,1.46,0.25,52.6,13.04,17.14,60.6,28.6,24.3,0.1284,0.1141,0.0754,1.257,0.0099,0.0349,43.4,Good,0
165,1926.2,1219,109.0,1.96,0.31,30.3,13.56,15.52,60.2,29.6,27.4,0.2224,0.1631,0.0871,1.447,0.0079,0.0419,41.8,Good,0
166,1940.5,1146,199.3,1.48,0.29,20,13.41,16.18,58.3,28.7,26.2,0.2334,0.113,0.1009,1.266,0.0105,0.0321,40.3,Good,0
167,1951.4,1141,164.7,1.68,0.29,49.5,13.06,18.66,62.9,30.6,29.9,0.1888,0.1133,0.11,0.86,0.0084,0.0271,47.7,Good,0
168,1965.3,1201,213.1,2.04,0.3,28.8,13.31,16.68,62.7,29.8,30.6,0.1404,0.1007,0.1229,1.731,0.0121,0.0236,47.8,Good,0
169,1978.5,1154,157.2,1.32,0.29,38.1,12.44,17.56,59.9,28.6,23.6,0.2899,0.1249,0.0656,0.916,0.0083,0.0,38.7,Good,0
170,1986.6,1196,234.2,1.14,0.3,54.6,13.76,19.09,54.8,27.3,27.6,0.1065,0.1157,0.1061,1.044,0.0108,0.0165,39.8,Good,0
171,1999.1,1102,164.0,1.61,0.28,36.8,11.59,17.63,61.0,28.4,22.7,0.2107,0.0523,0.0543,1.349,0.0104,0.0583,40.2,Good,0
172,2011.9,1161,136.9,1.81,0.29,34.9,13.54,19.14,57.5,24.6,26.2,0.8475,0.3042,0.1123,5.388,0.0683,0.0126,41.9,Good,2
173,2025.7,1268,166.7,1.67,0.32,37.4,12.86,18.7,61.6,27.9,25.3,0.1906,0.0851,0.0883,1.738,0.0095,0.0281,44.9,Good,0
174,2039.7,904,191.1,0.67,0.23,25.4,12.08,18.25,60.6,28.9,28.0,0.1254,0.148,0.1176,1.631,0.0103,0.0681,41.1,Good,0
175,2049.9,1144,129.1,0.94,0.29,35.9,12.94,18.9,56.1,28.1,26.1,0.4435,0.2893,0.0914,6.017,0.0809,0.043,47.1,Good,2
176,2060.6,1297,184.7,1.45,0.33,36.0,13.01,17.48,57.6,29.4,28.4,0.1543,0.1072,0.1013,1.667,0.0081,0.014,39.9,Good,0
177,2070.6,1172,140.0,1.06,0.29,49.3,14.28,19.46,58.2,28.4,30.2,0.2353,0.1678,0.0746,1.341,0.017,0.0491,41.7,Good,0
178,2081.2,1176,173.3,1.72,0.3,30.7,12.92,16.93,56.8,26.2,28.7,0.1515,0.1237,0.0757,1.257,0.0107,0.0248,38.4,Good,0
179,2091.3,1083,142.4,1.43,0.27,45.8,12.98,18.96,60.6,28.5,28.5,0.1468,0.1161,0.0828,1.725,0.0146,0.0557,40.4,Good,0
180,2099.6,1098,180.5,1.83,0.28,32.1,12.55,18.58,61.3,27.8,26.1,0.1787,0.149,0.1151,1.39,0.0117,0.0612,42.7,Good,0
181,2110.8,1275,190.9,1.82,0.32,36.6,13.24,18.98,56.6,28.9,28.7,0.1155,0.1413,0.0996,1.106,0.0119,0.037,41.6,Good,0
182,2124.5,1262,207.7,1.81,0.32,33.5,13.06,17.8,59.1,29.1,26.6,0.1223,0.1469,0.1046,1.528,0.0108,0.0023,37.8,Good,0
183,2133.8,1097,199.4,2.1,0.28,37.2,13.4,19.11,60.1,26.8,29.9,0.1426,0.0586,0.0557,0.809,0.0169,0.0603,41.1,Good,0
184,2148.6,1134,156.1,0.89,0.29,33.2,12.06,17.69,56.3,28.7,26.9,0.1619,0.1017,0.1241,1.576,0.0106,0.0564,38.0,Good,0
185,2162.7,1356,195.8,1.56,0.34,56.2,14.41,20.31,57.3,29.4,25.3,0.2231,0.1518,0.082,1.392,0.0128,0.0457,41.5,Good,0
186,2173.6,1197,179.8,1.96,0.3,40.9,11.99,18.29,60.5,28.4,29.2,0.1154,0.0995,0.0467,1.115,0.0052,0.0199,43.0,Good,0
187,2186.6,1391,213.3,1.56,0.35,42.2,13.55,18.99,62.0,27.3,23.9,0.2338,0.1542,0.1165,0.806,0.0124,0.0574,49.2,Good,0
188,2197.4,948,193.9,1.46,0.24,31.3,11.59,16.05,52.5,29.6,28.8,0.1645,0.1176,0.1426,1.493,0.0108,0.0,39.7,Good,0
189,2208.8,862,176.5,1.73,0.22,44.4,11.75,16.63,64.0,30.9,25.3,0.161,0.2218,0.1224,1.165,0.016,0.0316,41.8,Good,0
190,2217.7,1001,204.3,1.5,0.25,28.3,12.09,16.62,57.3,26.3,29.5,0.252,0.1132,0.1243,0.79,0.0088,0.0212,41.4,Good,0
191,2230.6,1167,193.3,1.23,0.29,42.3,12.5,19.44,55.2,27.6,26.9,0.2255,0.1672,0.1055,1.06,0.0126,0.0065,46.8,Good,0
192,2239.7,1174,202.2,1.83,0.3,24.6,14.37,18.56,53.7,27.9,24.4,0.6539,0.6645,0.3411,6.286,0.1122,0.0241,40.0,Good,2
193,2252.3,1333,166.8,2.55,0.34,29.1,13.78,20.57,56.2,30.7,25.4,0.4539,0.2321,0.1783,5.936,0.0547,0.0239,41.2,Good,2
194,2265.8,1322,174.4,1.77,0.33,45.9,13.96,19.77,63.2,27.9,28.8,0.1727,0.0975,0.1051,1.458,0.0062,0.0385,44.7,Good,0
195,2274.1,1389,162.9,1.26,0.35,27.1,13.82,17.72,62.0,25.9,28.3,0.2096,0.1354,0.0961,1.147,0.0115,0.017,44.9,Good,0
196,2284.6,1249,229.2,0.2,0.31,29.9,13.69,17.56,57.3,30.9,26.2,0.4621,0.7011,0.4126,2.983,0.0392,0.0593,41.8,Good,2
197,2296.4,1132,244.6,1.67,0.28,28.0,14.16,19.93,58.9,30.4,26.3,0.6943,0.4224,0.2281,4.179,0.0885,0.0414,38.1,Good,2
198,2310.5,1138,186.4,0.89,0.29,32.1,12.24,16.28,60.2,28.6,27.3,0.1975,0.0708,0.0708,1.342,0.0134,0.0686,42.0,Good,0
199,2320.3,1039,207.4,1.43,0.26,35.6,11.75,17.82,58.0,28.9,26.6,0.1897,0.087,0.1337,0.995,0.0114,0.0232,45.0,Good,0
200,2331.4,1026,207.0,1.01,0.26,36.6,12.27,16.85,53.1,28.9,23.9,0.0946,0.1899,0.054,1.532,0.0151,0.0479,41.4,Good,0
201,2340.2,1402,181.3,0.56,0.35,30.5,13.69,16.19,60.5,28.7,30.7,0.1908,0.1438,0.108,1.662,0.005,0.0238,36.8,Good,0
202,2354.2,1639,140.2,1.01,0.41,37.4,14.24,18.38,64.7,30.2,28.6,0.2154,0.0995,0.0505,1.39,0.0072,0.0333,43.7,Good,0
203,2364.3,1033,160.5,1.27,0.26,40.2,11.87,18.23,57.8,27.6,22.9,0.1341,0.1287,0.077,1.311,0.0113,0.0336,46.1,Good,0
204,2373.5,974,144.2,1.64,0.24,31.6,12.45,16.88,58.9,26.2,26.0,0.0881,0.0733,0.0544,1.214,0.0119,0.0204,41.1,Good,0
205,2388.5,945,189.0,1.31,0.24,39.2,12.21,16.62,58.7,30.1,24.0,0.1573,0.1042,0.0575,0.918,0.007,0.0402,42.3,Good,0
206,2397.8,1409,166.1,2.14,0.35,32.4,14.13,18.29,61.2,29.6,26.0,0.1259,0.1283,0.1707,1.276,0.0153,0.0171,44.7,Good,0
207,2408.1,1148,145.1,1.86,0.29,21.7,13.56,16.88,56.5,24.9,30.1,0.1336,0.1162,0.1134,1.614,0.0069,0.034,39.9,Good,0
208,2419.4,1060,158.4,1.65,0.27,38.7,13.45,18.5,60.7,29.2,24.0,0.1233,0.1253,0.0943,1.552,0.0079,0.0616,44.6,Good,0
209,2433.3,1244,181.3,1.29,0.31,32.9,13.45,18.69,58.9,27.6,26.8,0.166,0.0622,0.0873,1.246,0.0115,0.0325,43.7,Good,0
210,2444.4,1501,177.3,1.86,0.38,48.2,13.83,19.02,58.3,25.4,27.8,0.1862,0.1592,0.1057,0.96,0.0083,0.0079,43.4,Good,0
211,2458.4,1044,179.1,1.61,0.26,37.9,13.28,19.3,59.4,25.0,24.7,0.8711,0.2742,0.2395,5.167,0.07,0.0094,39.2,Good,2
212,2469.0,1377,189.9,1.59,0.35,49.3,12.84,19.68,61.4,26.6,27.2,0.2058,0.0947,0.112,1.088,0.0126,0.0417,40.4,Good,0
213,2478.3,1133,128.8,1.32,0.28,33.1,13.02,16.56,57.7,29.3,25.3,0.1533,0.144,0.0688,1.415,0.0114,0.0662,38.4,Good,0
214,2489.2,1236,146.3,1.15,0.31,42.4,11.92,17.09,55.8,25.1,28.0,0.1983,0.1436,0.0679,1.525,0.011,0.0369,44.1,Good,0
215,2501.1,1123,135.6,2.05,0.28,52.5,13.3,19.43,60.7,29.9,27.5,0.2487,0.1146,0.0431,1.342,0.0106,0.0462,42.0,Good,0
216,2513.3,1462,161.4,1.23,0.37,28.4,13.83,16.02,60.6,28.3,27.5,0.1801,0.121,0.1459,1.688,0.0189,0.0464,51.2,Good,0
217,2526.7,1109,204.0,1.09,0.28,30.0,11.39,15.69,65.7,27.5,29.7,0.2194,0.2066,0.0692,1.218,0.0172,0.0372,41.5,Good,0
218,2537.6,1246,187.2,1.23,0.31,53.6,12.85,20.74,59.2,28.4,23.7,0.2338,0.1093,0.0513,0.771,0.0059,0.0543,43.8,Good,0
219,2545.8,1242,187.5,0.64,0.31,20,12.67,16.19,58.0,30.5,28.7,0.1886,0.1057,0.121,1.133,0.0109,0.0317,41.0,Good,0
220,2556.3,1294,165.4,2.07,0.33,31.0,13.23,17.69,62.3,27.1,26.2,0.2681,0.1759,0.0701,1.217,0.0153,0.0582,38.9,Good,0
221,2568.5,1217,142.7,1.94,0.31,37.4,12.79,20.07,59.2,27.7,28.4,0.1652,0.1138,0.1004,1.065,0.015,0.0216,39.0,Good,0
222,2580.3,1050,179.5,1.4,0.26,30.4,12.55,16.41,57.9,26.8,26.0,0.1449,0.1112,0.0493,1.351,0.0169,0.0693,43.7,Good,0
223,2590.9,1097,180.2,1.38,0.28,27.6,12.42,17.54,60.8,28.2,29.1,0.1594,0.1353,0.1065,1.186,0.0092,0.0487,42.3,Good,0
224,2604.5,1279,211.6,2.28,0.32,34.6,13.3,17.06,62.9,31.4,28.4,0.1103,0.1283,0.0643,1.179,0.0044,0.0073,42.9,Good,0
225,2615.1,877,154.3,1.5,0.22,36.6,11.7,18.44,63.2,26.2,29.4,0.0986,0.1251,0.1126,1.752,0.007,0.0683,41.1,Good,0
226,2625.1,1143,167.6,1.86,0.29,47.6,13.3,19.15,62.2,27.6,28.5,0.1556,0.0949,0.0338,1.575,0.0139,0.0246,44.4,Good,0
227,2635.6,867,139.6,1.28,0.22,37.6,11.76,17.75,59.7,31.8,28.6,0.169,0.1172,0.0493,1.473,0.013,0.0715,46.1,Good,0
228,2644.2,1193,197.4,1.03,0.3,21.2,13.55,17.67,60.6,29.1,25.6,0.0457,0.1362,0.0668,1.478,0.0182,0.0342,41.9,Good,0
229,2655.3,1428,171.2,1.74,0.36,44.7,13.53,17.99,63.8,28.7,25.0,0.1542,0.1432,0.0899,1.001,0.0083,0.0206,42.3,Good,0
230,2669.0,1279,157.5,1.45,0.32,35.2,13.88,17.87,68.5,32.6,28.5,0.1335,0.1051,0.1154,1.458,0.0974,0.0829,47.4,Good,3
231,2679.7,1115,196.2,1.24,0.28,37.8,13.69,18.34,56.6,28.8,26.0,0.1625,0.1752,0.0723,0.786,0.0104,0.0443,41.0,Good,0
232,2692.1,1211,185.5,1.97,0.3,38.0,12.87,18.95,62.7,27.1,28.4,0.2338,0.0141,0.0383,1.439,0.0117,0.0441,43.8,Good,0
233,2702.4,1405,118.6,2.15,0.35,39.8,12.94,19.23,64.2,28.0,30.4,0.1034,0.143,0.1226,1.505,0.0169,0.0609,43.6,Good,0
234,2715.8,778,168.7,0.9,0.2,37.1,11.29,17.48,62.4,29.3,31.0,0.203,0.0988,0.1222,1.506,0.0173,0.0341,45.3,Good,0
235,2726.1,1260,200.9,2.02,0.32,44.6,13.2,19.57,61.0,30.3,28.5,0.3345,0.0627,0.0826,1.345,0.0084,0.0468,41.9,Good,0
236,2738.6,1120,129.3,1.7,0.28,39.1,13.08,17.45,56.9,30.8,30.2,0.1266,0.124,0.0771,1.378,0.0108,0.0761,47.5,Good,0
237,2747.9,1254,205.6,1.46,0.32,28.6,13.55,17.16,62.9,30.9,27.0,0.1568,0.1377,0.1487,0.905,0.0155,0.063,43.6,Good,0
238,2761.4,1217,227.8,1.23,0.31,26.7,12.56,16.8,58.7,27.3,26.9,0.1934,0.1019,0.1041,1.467,0.0078,0.0229,40.9,Good,0
239,2772.8,1359,202.7,1.8,0.34,25.0,13.4,17.64,59.6,23.8,27.2,0.2587,0.1546,0.1256,1.17,0.009,0.011,43.6,Good,0
240,2787.3,1076,194.5,1.31,0.27,20.6,11.94,17.59,62.1,26.7,26.7,0.1427,0.115,0.0767,1.395,0.024,0.0413,41.3,Good,0
241,2800.6,1139,187.2,1.26,0.29,29.2,13.26,16.74,61.1,30.2,27.0,0.1539,0.1479,0.1165,1.335,0.0128,0.0134,42.0,Good,0
242,2811.2,1214,148.3,1.42,0.31,24.2,14.48,15.36,60.8,27.2,21.4,0.1302,0.0927,0.1154,1.221,0.0111,0.0294,42.3,Good,0
243,2821.3,1252,238.1,2.24,0.31,37.0,13.36,19.64,60.7,29.2,28.5,0.1483,0.1056,0.0949,1.123,0.0144,0.0364,41.3,Good,0
244,2832.1,1412,155.9,1.38,0.35,21.0,13.06,15.53,65.3,27.3,26.6,0.2606,0.1436,0.0581,1.793,0.0186,0.0599,47.4,Good,0
245,2843.0,1404,135.3,1.58,0.35,46.5,13.98,17.97,60.2,26.6,27.0,0.257,0.1402,0.0645,1.298,0.0115,0.0403,44.6,Good,0
246,2855.1,1094,179.4,1.4,0.27,42.8,12.92,16.69,59.3,28.7,27.8,0.1261,0.1032,0.0786,1.422,0.0107,0.0485,41.1,Good,0
247,2867.5,1190,157.5,2.12,0.3,41.0,13.59,17.85,63.4,29.7,27.3,0.249,0.1157,0.1224,1.777,0.007,0.0228,42.1,Good,0
248,2876.5,1466,195.4,1.62,0.37,42.4,13.54,19.87,56.8,31.1,27.3,0.2218,0.1482,0.1103,0.847,0.0231,0.0451,42.9,Good,0
249,2888.2,1252,215.0,1.48,0.31,44.2,13.25,19.84,68.5,33.3,30.4,0.1678,0.1111,0.0878,1.636,0.0816,0.042,42.3,Good,3
250,2899.0,1161,238.1,1.07,0.29,21.5,13.75,17.3,61.2,29.6,25.2,0.2029,0.1634,0.0239,1.511,0.0041,0.0835,45.0,Good,0
251,2907.1,1203,216.8,1.3,0.3,41.9,14.7,16.75,59.8,25.1,24.1,0.2509,0.0733,0.1275,1.554,0.0139,0.0539,43.5,Good,0
252,2917.1,1385,232.2,1.41,0.35,32.1,13.98,19.3,67.1,29.5,26.0,0.1472,0.1129,0.1141,1.648,0.0108,0.0064,45.0,Good,0
253,2930.7,1284,160.4,1.36,0.32,25.6,12.61,16.0,63.6,29.0,26.7,0.1376,0.195,0.0827,2.083,0.0246,0.0877,38.2,Good,0
254,2944.8,1068,195.9,0.63,0.27,41.5,12.61,18.14,55.2,27.7,29.6,0.1843,0.1489,0.0791,1.084,0.0165,0.0809,40.5,Good,0
255,2957.7,1025,185.2,1.0,0.26,27.3,12.39,16.73,58.6,27.7,29.0,0.1729,0.01,0.0905,1.599,0.0113,0.017,41.1,Good,0
256,2972.1,1500,174.6,1.15,0.38,35.4,13.23,16.98,64.8,27.9,24.3,0.0792,0.1071,0.0984,1.34,0.0111,0.0301,38.9,Good,0
257,2983.3,1221,172.2,1.98,0.31,34.7,13.16,17.59,62.8,26.7,30.5,0.1291,0.1301,0.0824,1.505,0.0099,0.019,41.6,Good,0
258,2994.9,1377,224.0,0.89,0.35,38.8,13.84,17.52,61.1,25.3,25.3,0.1964,0.1621,0.09,1.697,0.017,0.0713,47.6,Good,0
259,3009.3,1269,134.3,1.64,0.32,37.8,12.65,18.6,59.2,25.5,29.3,0.235,0.0929,0.0808,1.356,0.0129,0.0271,40.9,Good,0
260,3023.4,1302,222.7,1.2,0.33,38.3,13.57,17.67,58.6,24.2,28.0,0.1748,0.1188,0.1064,1.074,0.0147,0.0479,41.2,Good,0
261,3035.5,1048,184.7,1.98,0.26,40.2,12.67,19.35,62.7,31.8,27.9,0.1325,0.0538,0.0698,1.654,0.013,0.0463,49.1,Good,0
262,3043.8,1119,189.4,1.24,0.28,25.3,12.82,17.07,58.9,27.4,28.8,0.1664,0.1303,0.056,0.994,0.0055,0.036,44.2,Good,0
263,3053.9,1353,214.6,1.43,0.34,44.7,12.74,20.04,60.1,26.2,22.7,0.221,0.1172,0.0697,1.187,0.0099,0.0154,40.6,Good,0
264,3065.6,1340,179.1,1.85,0.34,42.5,13.09,18.66,60.3,30.8,27.4,0.2516,0.1724,0.1241,1.21,0.0048,0.018,31.7,Good,0
265,3076.5,1103,213.3,1.46,0.28,34.1,12.71,19.37,59.6,26.3,29.7,0.1709,0.1135,0.1021,1.547,0.0081,0.0511,45.1,Good,0
266,3086.8,1044,121.0,1.67,0.26,24.0,13.44,14.79,61.7,28.9,25.5,0.1732,0.0856,0.07,1.296,0.0065,0.0185,41.8,Good,0
267,3099.6,1296,120.2,0.86,0.33,51.8,12.6,17.54,62.8,30.2,24.5,0.1679,0.0866,0.1204,1.399,0.0158,0.0456,43.3,Good,0
268,3111.1,1213,212.8,1.77,0.3,33.3,12.84,19.05,60.4,26.7,27.0,0.252,0.09,0.0387,1.446,0.0168,0.0436,41.9,Good,0
269,3120.1,1393,139.8,2.06,0.35,30.4,13.8,18.58,58.7,27.3,26.5,0.165,0.1225,0.0464,1.703,0.013,0.0685,42.4,Good,0
270,3130.3,1085,167.8,1.77,0.27,30.6,13.0,17.26,59.9,26.3,25.3,0.1925,0.1558,0.0831,1.547,0.0147,0.0528,44.3,Good,0
271,3143.2,1177,202.0,2.0,0.3,39.8,12.97,19.59,60.8,29.2,29.4,0.1006,0.0781,0.077,1.537,0.0107,0.0358,38.6,Good,0
272,3153.4,1297,136.8,1.26,0.33,26.3,11.92,15.28,60.8,26.7,24.1,0.1446,0.1263,0.0998,1.373,0.0183,0.0805,49.0,Good,0
273,3165.7,1328,164.4,1.32,0.33,23.8,13.73,16.08,68.8,34.3,24.3,0.1962,0.1334,0.1121,1.198,0.0924,0.0576,37.9,Good,3
274,3176.0,1043,137.1,1.1,0.26,33.3,12.77,17.51,55.5,28.5,24.9,0.1946,0.0712,0.0938,1.452,0.0078,0.0239,46.7,Good,0
275,3184.5,1378,163.5,0.97,0.35,35.9,13.32,18.8,64.0,28.3,25.1,0.1066,0.1221,0.1366,1.343,0.013,0.0232,45.3,Good,0
276,3198.8,1375,155.6,1.73,0.35,35.0,14.52,17.08,64.1,29.5,26.1,0.2301,0.1051,0.1174,1.636,0.0157,0.0627,42.6,Good,0
277,3207.4,1639,184.5,1.33,0.41,37.4,13.26,16.62,66.2,29.0,25.9,0.1652,0.0817,0.0778,1.56,0.0095,0.043,45.3,Good,0
278,3218.1,988,167.6,1.24,0.25,35.8,12.31,17.8,59.8,31.2,27.3,0.1266,0.1236,0.1026,1.62,0.0182,0.0145,42.1,Good,0
279,3230.5,1057,196.7,1.63,0.27,24.4,12.74,17.37,63.0,24.6,25.2,0.1849,0.1671,0.0581,1.383,0.0074,0.0374,44.5,Good,0
280,3241.1,1393,174.7,1.45,0.35,31.2,13.39,17.45,57.3,31.7,29.0,0.228,0.1439,0.086,1.3,0.0252,0.0184,34.6,Good,0
281,3249.7,1021,140.0,1.45,0.26,37.4,12.7,15.35,62.7,28.5,25.4,0.2904,0.1399,0.0898,1.65,0.0035,0.0297,37.6,Good,0
282,3261.6,1357,192.8,1.56,0.34,37.3,13.92,18.53,58.5,29.1,28.2,0.1853,0.1147,0.1042,1.429,0.0194,0.0855,44.4,Good,0
283,3273.8,1295,206.5,1.61,0.33,29.2,13.53,18.8,65.7,29.3,28.9,0.2657,0.1172,0.0924,1.053,0.011,0.0423,45.8,Good,0
284,3286.2,1259,227.4,1.18,0.32,44.5,14.14,18.87,56.3,25.7,29.1,0.1524,0.1236,0.0932,1.226,0.0099,0.0499,42.4,Good,0
285,3300.7,986,194.3,2.09,0.25,32.1,13.17,18.38,56.8,27.9,27.9,0.1518,0.0871,0.0972,1.621,0.0045,0.0929,38.4,Good,0
286,3313.8,1116,169.5,1.18,0.28,45.4,12.8,19.35,61.4,28.3,28.6,0.1838,0.1282,0.1494,1.667,0.0153,0.0606,46.7,Good,0
287,3326.4,1388,116.8,1.09,0.35,25.4,12.9,18.11,59.2,27.5,25.6,0.0652,0.1393,0.0463,1.773,0.0192,0.0788,37.9,Good,0
288,3336.4,909,208.7,1.54,0.23,28.0,12.31,17.99,58.0,25.8,27.8,0.2418,0.0962,0.1052,1.446,0.0118,0.0543,45.9,Good,0
289,3345.4,1212,159.1,0.95,0.3,21.2,13.38,16.32,58.8,25.0,23.4,0.1599,0.0929,0.0699,1.231,0.0124,0.0484,36.5,Good,0
290,3357.4,846,173.1,1.07,0.21,35.5,11.85,17.95,55.3,23.7,25.1,0.1322,0.1669,0.0556,1.048,0.0259,0.07,45.5,Good,0
291,3372.1,1356,200.0,1.66,0.34,34.2,13.72,18.41,64.7,30.2,25.3,0.1667,0.133,0.0571,1.36,0.0157,0.0177,38.6,Good,0
292,3381.1,1284,224.8,1.11,0.32,29.9,12.53,17.62,60.1,31.3,28.2,0.2042,0.1253,0.1056,1.542,0.0165,0.0739,38.9,Good,0
293,3392.3,1067,125.0,1.81,0.27,43.5,13.1,19.74,60.6,28.8,27.9,0.2208,0.1306,0.099,1.337,0.0018,0.056,39.6,Good,0
294,3401.5,967,150.0,1.87,0.24,40.8,10.98,17.83,56.5,30.6,26.6,0.2419,0.1778,0.1036,1.199,0.0181,0.0556,37.9,Good,0
295,3413.7,1161,193.1,1.76,0.29,41.4,13.17,19.36,56.3,28.1,26.7,0.1744,0.1204,0.0956,1.03,0.0144,0.043,43.8,Good,0
296,3426.2,1318,159.7,1.74,0.33,22.1,14.12,16.15,59.7,29.0,29.1,0.2468,0.1027,0.0956,1.182,0.0023,0.0468,40.0,Good,0
297,3434.2,1207,194.9,1.32,0.3,34.3,12.12,17.55,61.8,28.9,24.1,0.2356,0.1111,0.11,1.612,0.0124,0.0299,46.4,Good,0
298,3442.6,1125,160.6,1.17,0.28,37.9,13.19,19.68,56.1,31.2,29.8,0.5881,0.2354,0.2829,3.732,0.0911,0.0634,44.7,Good,2
299,3455.3,1081,226.3,1.42,0.27,38.2,12.82,18.77,58.3,30.0,26.0,0.1594,0.1341,0.082,0.844,0.0068,0.049,38.5,Good,0
300,3470.1,1223,194.9,1.45,0.31,32.4,14.11,16.12,56.7,26.2,24.9,0.2439,0.2129,0.0978,1.803,0.0081,0.0779,42.1,Good,0
301,3484.1,706,186.7,0.86,0.18,26.7,11.93,17.64,55.3,29.5,29.1,0.32,0.1236,0.1228,1.738,0.0093,0.0466,43.5,Good,0
302,3497.5,1381,187.7,0.79,0.35,36.9,13.4,18.09,60.0,27.2,29.8,0.2281,0.1447,0.0742,1.139,0.0212,0.0622,47.3,Good,0
303,3511.5,1199,173.3,0.84,0.3,38.9,13.01,17.94,58.9,29.4,25.9,0.2316,0.1286,0.081,1.22,0.0065,0.0672,50.2,Good,0
304,3523.3,1273,129.2,2.22,0.32,43.0,13.45,17.53,63.2,27.2,27.9,0.1626,0.1146,0.0849,1.274,0.0145,0.0524,40.8,Good,0
305,3538.2,1205,194.7,0.56,0.3,37.6,13.27,17.43,64.3,27.9,27.7,0.1475,0.1581,0.0749,0.922,0.0112,0.0089,41.9,Good,0
306,3551.1,1119,146.7,1.35,0.28,45.8,13.36,18.03,59.8,29.3,26.0,0.2032,0.1148,0.0825,0.831,0.0231,0.0682,47.6,Good,0
307,3562.6,1329,154.3,1.27,0.33,30.2,13.59,16.8,61.4,29.0,26.0,0.248,0.1013,0.0666,1.375,0.0072,0.0781,44.6,Good,0
308,3575.1,1107,215.7,1.25,0.28,20.5,12.94,13.75,60.2,28.1,26.4,0.1467,0.1552,0.1242,1.385,0.0137,0.0377,48.4,Good,0
309,3588.1,1111,258.7,1.83,0.28,24.6,13.1,17.4,61.4,27.5,26.8,0.1613,0.1535,0.0639,1.219,0.0113,0.0481,45.4,Good,0
310,3597.3,1093,244.0,1.11,0.27,40.3,11.37,18.15,71.5,32.4,27.3,0.3119,0.0813,0.0749,2.063,0.1141,0.0676,42.2,Good,3
311,3609.2,1335,162.1,1.26,0.34,23.0,13.9,15.81,60.8,30.7,28.0,0.1493,0.1058,0.1123,1.309,0.0053,0.0631,41.9,Good,0
312,3617.4,1042,172.2,1.42,0.26,32.0,12.06,16.92,60.5,29.2,25.5,0.1515,0.1435,0.0409,1.312,0.0223,0.0413,49.2,Good,0
313,3631.5,1406,205.3,0.32,0.35,43.6,13.87,19.02,63.7,29.2,27.7,0.0807,0.1328,0.1011,1.185,0.0036,0.0601,42.8,Good,0
314,3646.2,1202,167.1,0.75,0.3,44.6,13.15,17.23,62.4,31.6,28.0,0.2016,0.0906,0.0588,1.462,0.0137,0.0329,41.3,Good,0
315,3654.4,1317,180.4,2.23,0.33,30.9,13.7,17.66,61.8,26.9,33.3,0.2556,0.1469,0.0562,1.341,0.0037,0.0263,40.5,Good,0
316,3668.5,1082,155.4,1.43,0.27,31.2,12.82,17.47,58.2,28.8,28.4,0.0835,0.1627,0.0747,1.261,0.0155,0.029,44.4,Good,0
317,3680.2,1366,166.0,1.53,0.34,29.9,12.7,16.6,64.8,27.7,26.2,0.0984,0.0841,0.1261,1.683,0.0177,0.083,43.5,Good,0
318,3690.8,1064,182.6,1.66,0.27,33.0,11.94,16.38,58.7,24.8,25.9,0.2219,0.1492,0.1392,1.536,0.006,0.0635,45.5,Good,0
319,3705.3,1071,183.3,1.02,0.27,46.2,12.44,18.88,57.3,28.7,26.1,0.1838,0.1405,0.0983,1.214,0.0135,0.0764,44.0,Good,0
320,3718.1,1213,168.2,1.6,0.3,21.7,13.11,16.31,61.0,26.3,24.1,0.2027,0.0319,0.1079,1.427,0.0156,0.065,49.1,Good,0
321,3727.4,1161,190.5,2.04,0.29,20,12.56,16.13,59.1,27.7,26.8,0.1867,0.1455,0.0772,1.348,0.0132,0.0735,49.4,Good,0
322,3739.1,1267,177.7,1.61,0.32,44.2,13.29,18.05,62.4,28.3,28.4,0.2897,0.1953,0.1003,1.123,0.0156,0.0512,43.7,Good,0
323,3748.1,1218,133.3,1.39,0.31,34.2,14.57,15.99,61.2,27.0,30.8,0.1871,0.1341,0.1085,1.464,0.0074,0.0517,39.9,Good,0
324,3760.9,1435,278.9,1.31,0.36,35.2,14.15,20.23,64.8,28.7,26.9,0.2249,0.1144,0.0141,1.427,0.006,0.0294,37.3,Good,0
325,3769.7,1327,139.0,1.39,0.33,47.4,13.91,17.74,58.5,26.4,27.2,0.1827,0.101,0.0898,1.23,0.0075,0.0428,46.1,Good,0
326,3782.1,1246,190.3,1.64,0.31,36.0,13.94,18.27,60.7,28.0,23.6,0.1889,0.0941,0.0717,0.699,0.0157,0.0335,39.5,Good,0
327,3791.9,1035,229.5,0.55,0.26,29.3,12.66,16.79,59.3,24.3,25.6,0.1544,0.1791,0.0739,1.486,0.012,0.0779,43.2,Good,0
328,3805.0,1128,181.1,1.23,0.28,24.5,12.6,13.86,59.8,26.6,25.7,0.2235,0.1151,0.099,1.041,0.0074,0.0469,42.8,Good,0
329,3818.8,1056,220.2,2.33,0.27,37.8,13.69,18.73,63.6,24.3,24.6,0.2191,0.1336,0.0869,1.453,0.0083,0.0525,43.3,Good,0
330,3829.1,910,194.6,0.72,0.23,27.9,12.21,15.07,56.2,30.4,28.8,0.1496,0.1606,0.0926,1.747,0.0091,0.0544,40.1,Good,0
331,3841.4,1095,204.3,0.72,0.28,35.3,13.02,16.94,60.6,28.0,26.1,0.1924,0.1052,0.0842,0.934,0.0293,0.0666,43.9,Good,0
332,3855.0,1098,183.2,1.66,0.28,23.9,13.28,15.91,57.1,28.1,25.7,0.2574,0.1273,0.1156,1.767,0.0139,0.0464,39.7,Good,0
333,3864.5,1440,168.4,0.58,0.36,38.8,13.1,16.58,60.4,28.7,27.9,0.1633,0.089,0.0659,1.223,0.0051,0.0311,43.5,Good,0
334,3878.3,1293,188.0,0.86,0.32,42.8,13.41,18.27,65.8,25.5,27.6,0.1136,0.1425,0.1072,1.194,0.0149,0.0489,43.1,Good,0
335,3887.3,1186,234.0,1.36,0.3,30.8,13.1,16.38,64.2,35.7,25.8,0.1321,0.1643,0.1506,1.182,0.128,0.0894,47.1,Good,3
336,3900.3,1246,191.3,1.41,0.31,20,14.25,16.27,61.5,28.6,25.3,0.1371,0.0999,0.0898,1.2,0.011,0.0214,40.1,Good,0
337,3911.3,1257,194.7,1.92,0.32,33.4,13.21,16.51,62.1,32.0,26.1,0.2238,0.1053,0.0781,1.708,0.017,0.0581,37.4,Good,0
338,3919.4,1400,171.5,1.82,0.35,25.1,13.51,17.71,59.9,28.4,26.1,0.2462,0.0614,0.0397,1.323,0.0103,0.0875,47.5,Good,0
339,3930.2,1314,176.8,2.13,0.33,43.0,12.82,18.88,57.2,31.9,27.8,0.2327,0.0349,0.0595,1.552,0.006,0.0604,43.4,Good,0
340,3944.1,1138,119.9,1.82,0.29,21.5,11.95,15.79,59.8,30.7,27.9,0.1195,0.0684,0.1099,1.074,0.0158,0.0518,45.0,Good,0
341,3956.5,1176,191.4,1.76,0.3,43.1,12.18,18.24,62.8,27.9,25.5,0.1442,0.0508,0.0961,1.4,0.0113,0.0965,41.5,Good,0
342,3967.4,1327,235.8,2.28,0.33,29.3,12.75,18.62,60.0,27.6,25.8,0.137,0.1447,0.0892,2.003,0.0057,0.0674,44.3,Good,0
343,3978.0,1271,175.1,1.42,0.32,26.6,12.77,17.9,56.1,27.4,29.3,0.2473,0.1775,0.0107,1.305,0.0132,0.0791,37.4,Good,0
344,3987.9,1131,152.0,1.31,0.28,37.4,13.46,17.48,59.6,29.2,28.3,0.1533,0.0629,0.0792,1.557,0.0076,0.0561,38.2,Good,0
345,4001.1,1197,193.4,1.84,0.3,37.6,13.04,18.22,58.9,27.9,29.8,0.1638,0.1579,0.0358,1.937,0.0198,0.0644,48.6,Good,0
346,4013.0,1098,168.7,0.58,0.28,34.6,12.6,17.6,59.8,30.6,24.3,0.1784,0.0287,0.0774,1.312,0.015,0.068,49.0,Good,0
347,4025.3,1209,156.6,1.17,0.3,50.6,12.4,19.0,58.9,28.9,28.2,0.2178,0.1269,0.0812,2.044,0.0161,0.0347,39.4,Good,0
348,4040.3,1239,176.2,1.11,0.31,44.9,13.3,18.88,58.6,29.2,29.1,0.165,0.2033,0.0559,1.34,0.0135,0.0375,40.5,Good,0
349,4055.1,1008,173.7,1.36,0.25,36.6,11.98,17.03,69.5,37.6,25.9,0.1917,0.1335,0.1114,1.352,0.101,0.0643,39.1,Good,3
350,4066.2,1394,168.8,2.56,0.35,35.8,12.56,17.58,59.7,30.7,27.9,0.1725,0.1321,0.1567,0.791,0.0105,0.0338,45.7,Good,0
351,4076.9,1124,191.1,2.28,0.28,31.5,14.08,17.53,58.2,25.9,27.1,0.1949,0.0877,0.0837,1.743,0.0129,0.0944,41.9,Good,0
352,4089.6,1289,148.7,0.67,0.32,36.1,12.23,16.17,61.4,29.8,27.5,0.1453,0.1265,0.0832,1.355,0.0144,0.036,40.9,Good,0
353,4101.0,1074,153.4,1.39,0.27,43.3,12.05,17.42,58.9,28.8,27.2,0.2029,0.1253,0.0781,1.285,0.0219,0.0806,43.8,Good,0
354,4113.7,1096,170.4,1.49,0.28,38.3,13.31,19.71,62.5,27.2,29.5,0.1085,0.1366,0.0732,1.353,0.0147,0.0519,41.1,Good,0
355,4128.4,1267,166.0,1.76,0.32,47.2,13.49,19.47,63.1,26.6,23.2,0.2463,0.1084,0.0485,0.981,0.014,0.0298,42.8,Good,0
356,4143.2,1056,214.5,1.35,0.27,27.5,13.27,19.29,57.6,26.3,24.7,0.4043,0.4971,0.332,5.391,0.1328,0.0588,40.9,Good,2
357,4153.4,1034,187.7,1.74,0.26,35.7,12.04,18.33,62.9,28.3,26.4,0.2505,0.1228,0.0708,1.759,0.0182,0.0802,35.0,Good,0
358,4167.3,1184,139.8,1.19,0.3,32.8,11.86,15.41,60.1,25.9,26.6,0.1727,0.1333,0.1144,1.341,0.008,0.0395,40.6,Good,0
359,4178.6,845,182.3,1.15,0.21,45.2,12.37,19.31,56.9,24.9,24.7,0.1654,0.1023,0.0773,1.464,0.0143,0.079,47.7,Good,0
360,4193.3,1312,141.1,1.43,0.33,20.8,12.33,16.38,61.7,27.3,26.4,0.0423,0.1842,0.0832,0.965,0.0137,0.0747,45.0,Good,0
361,4201.7,1507,187.0,1.35,0.38,38.7,15.0,20.36,62.5,27.9,28.8,0.5968,0.4542,0.3746,3.503,0.0549,0.083,41.5,Good,2
362,4210.7,1134,146.4,1.2,0.28,24.0,12.8,14.83,56.2,31.5,25.8,0.2028,0.1249,0.0484,1.328,0.0159,0.0824,38.8,Good,0
363,4225.1,1269,200.8,1.06,0.32,38.4,14.0,17.01,61.2,28.2,25.5,0.1966,0.0859,0.0773,1.273,0.0194,0.0623,42.9,Good,0
364,4235.7,1204,151.6,1.38,0.3,31.1,13.3,15.12,61.3,28.5,25.2,0.2076,0.1242,0.1442,1.13,0.0088,0.064,43.3,Good,0
365,4250.3,1312,193.2,1.74,0.33,34.5,13.36,16.79,56.8,26.7,25.0,0.1656,0.1589,0.074,1.644,0.0162,0.095,39.9,Good,0
366,4260.4,1185,114.4,1.82,0.3,35.3,13.86,17.71,55.5,26.6,23.0,0.19,0.0801,0.0983,1.161,0.0127,0.0196,44.7,Good,0
367,4268.7,1078,221.6,1.49,0.27,30.9,12.5,17.73,59.9,28.8,24.4,0.1847,0.1889,0.077,1.431,0.0057,0.0804,34.4,Good,0
368,4277.5,1335,190.7,1.24,0.34,29.6,12.64,18.91,59.8,30.6,26.8,0.2354,0.0854,0.0505,1.583,0.0141,0.0919,42.5,Good,0
369,4287.9,1143,231.4,1.37,0.29,23.3,12.16,16.58,60.6,27.1,23.4,0.1956,0.1271,0.1161,1.082,0.0049,0.059,40.6,Good,0
370,4299.0,1075,206.8,1.09,0.27,29.9,12.97,14.5,59.8,28.5,26.0,0.235,0.1652,0.1222,1.477,0.0019,0.0522,46.1,Good,0
371,4313.1,1276,194.0,0.85,0.32,37.2,13.21,17.44,59.7,29.1,28.6,0.2224,0.1181,0.0371,1.366,0.012,0.0828,43.7,Good,0
372,4322.1,1160,174.9,2.16,0.29,24.7,14.08,15.81,61.6,24.1,25.3,0.1911,0.0755,0.0823,1.87,0.0078,0.0729,39.0,Good,0
373,4335.4,1033,179.0,1.08,0.26,37.7,12.65,16.76,61.4,32.1,25.9,0.1736,0.0626,0.1213,1.266,0.0108,0.0769,39.6,Good,0
374,4347.4,1267,134.9,1.31,0.32,33.5,13.41,17.5,63.2,28.8,26.4,0.209,0.1102,0.1424,1.3,0.0188,0.0531,43.4,Good,0
375,4357.1,1114,119.7,0.82,0.28,40.0,13.29,17.4,62.5,27.4,28.4,0.6902,0.4622,0.3438,4.496,0.1012,0.0496,44.2,Good,2
376,4366.9,1309,193.7,1.3,0.33,37.7,14.32,19.01,61.6,25.3,29.6,0.7153,0.4849,0.3169,4.532,0.0665,0.0523,38.8,Good,2
377,4378.4,1202,150.4,1.61,0.3,36.9,14.36,17.38,67.5,27.3,25.7,0.0974,0.0964,0.0797,1.394,0.0134,0.0458,45.5,Good,0
378,4387.0,1133,164.8,1.88,0.28,33.5,12.64,18.72,59.6,28.8,25.5,0.1816,0.1198,0.1215,1.462,0.0197,0.1007,42.0,Good,0
379,4399.1,1278,155.2,1.16,0.32,44.1,13.71,19.65,61.1,29.6,29.0,0.5957,0.5664,0.1122,4.513,0.0644,0.0456,37.8,Good,2
380,4409.4,1143,155.0,1.45,0.29,48.3,13.2,20.33,60.0,27.9,26.9,0.0735,0.1327,0.0755,1.411,0.006,0.052,40.0,Good,0
381,4423.6,1126,131.3,0.82,0.28,31.7,12.36,17.18,63.9,28.9,25.3,0.7621,0.6347,0.3105,4.741,0.0659,0.0617,42.5,Good,2
382,4434.9,1350,167.3,1.51,0.34,36.6,13.19,17.61,58.3,26.1,27.1,0.1592,0.2051,0.0845,1.927,0.0097,0.0579,40.8,Good,0
383,4444.3,1265,152.8,1.86,0.32,27.4,12.61,17.37,60.7,29.4,27.6,0.1474,0.1078,0.0382,1.337,0.0094,0.0415,41.8,Good,0
384,4453.6,996,96.2,1.33,0.25,25.8,11.16,18.25,61.3,22.1,29.7,0.1686,0.1797,0.0622,1.72,0.0058,0.0666,43.5,Good,0
385,4466.9,1280,165.7,1.43,0.32,43.2,13.28,18.14,51.9,27.3,27.4,0.18,0.144,0.0743,1.404,0.0122,0.0653,46.8,Good,0
386,4475.6,930,186.8,1.03,0.23,28.8,12.16,16.0,63.3,31.2,25.8,0.1179,0.0736,0.0622,1.543,0.0121,0.0597,40.1,Good,0
387,4484.2,1236,182.9,1.2,0.31,49.3,13.98,20.37,61.8,26.4,26.4,0.1635,0.1322,0.0903,1.483,0.0116,0.0771,40.9,Good,0
388,4496.4,1188,176.3,0.97,0.3,44.5,12.25,18.04,61.5,30.1,28.6,0.2604,0.1491,0.1036,1.226,0.0155,0.088,46.9,Good,0
389,4508.8,1194,211.3,1.43,0.3,26.4,13.51,17.07,57.2,30.6,24.7,0.2058,0.1475,0.0741,1.854,0.0018,0.0694,45.4,Good,0
390,4516.9,1007,156.6,1.95,0.25,38.4,13.93,18.26,56.4,26.5,24.3,0.2472,0.1139,0.0708,1.039,0.0178,0.0883,46.7,Good,0
391,4531.6,1084,159.2,1.73,0.27,42.5,13.68,18.23,65.8,33.5,22.1,0.1398,0.1772,0.0953,1.715,0.1237,0.0697,44.8,Good,3
392,4546.6,1162,188.9,1.69,0.29,35.7,13.06,18.13,61.4,30.4,24.9,0.146,0.163,0.0927,1.554,0.0144,0.0651,43.5,Good,0
393,4560.5,1226,176.7,1.33,0.31,28.0,14.08,15.61,53.9,34.9,26.0,0.2556,0.0644,0.1054,1.295,0.0141,0.0709,43.7,Good,0
394,4574.9,1227,161.2,1.22,0.31,40.4,12.81,16.21,58.7,27.7,27.6,0.2087,0.0421,0.1369,0.871,0.0088,0.0242,36.0,Good,0
395,4589.1,1216,192.0,0.92,0.31,37.2,12.85,16.85,60.5,25.8,29.2,0.1675,0.0743,0.0865,1.591,0.0087,0.0908,46.3,Good,0
396,4603.6,1165,175.9,1.55,0.29,40.3,12.41,17.32,62.4,28.6,27.6,0.1363,0.1327,0.061,1.257,0.0036,0.0822,41.5,Good,0
397,4615.9,1049,195.1,0.89,0.26,42.8,11.99,19.96,62.1,25.1,26.8,0.2055,0.0309,0.0994,1.608,0.0102,0.0613,43.5,Good,0
398,4624.2,1230,198.9,1.34,0.31,41.0,13.11,18.38,55.0,28.2,26.9,0.1516,0.1908,0.0963,1.097,0.032,0.0816,40.2,Good,0
399,4635.0,1008,158.9,1.03,0.25,36.7,11.62,15.71,58.5,28.2,23.8,0.094,0.137,0.0825,1.27,0.0135,0.0704,44.8,Good,0
400,4648.4,1167,160.5,1.01,0.29,38.2,12.85,18.07,57.3,25.3,28.5,0.1087,0.1596,0.0641,1.586,0.0217,0.0513,42.1,Good,0
401,4656.6,1275,113.9,2.06,0.32,51.2,12.41,19.35,63.0,26.7,26.7,0.2304,0.1528,0.0293,1.678,0.0222,0.0564,44.7,Good,0
402,4665.2,1351,203.2,2.1,0.34,37.4,14.19,18.21,59.4,30.3,27.9,0.2267,0.1899,0.0751,1.384,0.0121,0.0574,43.8,Good,0
403,4674.0,1033,172.2,2.4,0.26,43.3,12.34,17.03,54.8,26.0,25.8,0.164,0.0905,0.1066,1.334,0.0124,0.0774,43.2,Good,0
404,4682.5,980,212.2,0.63,0.25,32.2,13.22,15.74,60.2,27.6,25.4,0.1109,0.0725,0.1003,1.269,0.0119,0.0866,45.3,Good,0
405,4696.8,1183,147.0,1.72,0.3,32.3,12.71,16.69,57.9,30.7,25.4,0.174,0.0924,0.01,1.253,0.0154,0.0525,43.1,Good,0
406,4708.6,1260,179.6,2.04,0.32,43.4,13.58,18.23,55.3,25.6,29.2,0.211,0.0883,0.1048,1.626,0.0111,0.0608,43.0,Good,0
407,4723.1,1084,224.1,1.35,0.27,35.3,11.6,18.09,59.8,29.3,28.0,0.1314,0.1114,0.135,1.315,0.017,0.0568,45.2,Good,0
408,4735.8,1280,203.2,1.52,0.32,37.1,12.53,17.65,53.9,26.7,28.1,0.1846,0.1213,0.0972,1.239,0.0159,0.0649,37.9,Good,0
409,4750.3,1122,195.7,1.85,0.28,39.5,14.22,18.99,54.1,28.6,28.1,0.1594,0.1296,0.072,1.453,0.0164,0.0895,46.7,Good,0
410,4759.6,1250,216.1,1.69,0.31,33.5,13.8,17.56,60.3,29.2,24.3,0.1673,0.131,0.095,1.656,0.0118,0.0758,45.6,Good,0
411,4771.8,1269,178.5,0.31,0.32,29.5,12.62,15.36,52.8,27.4,25.3,0.1115,0.0576,0.0657,1.313,0.0216,0.079,48.5,Good,0
412,4783.2,1095,215.4,1.16,0.28,31.0,13.39,18.09,57.8,27.7,23.6,0.1672,0.1104,0.0723,1.248,0.0139,0.0627,44.7,Good,0
413,4792.3,1212,188.0,1.98,0.3,30.0,12.43,14.76,58.8,27.0,25.7,0.2758,0.1315,0.0791,1.372,0.0099,0.103,45.4,Good,0
414,4804.0,1385,155.4,1.51,0.35,47.2,13.75,18.98,59.7,29.0,29.7,0.2013,0.141,0.1237,1.065,0.0128,0.0671,45.1,Good,0
415,4817.9,1300,170.8,2.07,0.33,41.1,14.13,17.16,61.6,27.5,30.5,0.2975,0.1717,0.0754,1.752,0.013,0.0604,43.9,Good,0
416,4828.9,956,178.4,1.55,0.24,20.2,10.84,15.75,57.9,27.8,25.5,0.1265,0.13,0.061,1.373,0.0143,0.0737,45.9,Good,0
417,4837.4,1310,205.6,1.65,0.33,39.3,12.84,19.35,59.7,25.1,27.2,0.1364,0.0984,0.1557,1.513,0.0254,0.0963,45.0,Good,0
418,4848.1,1110,172.1,1.22,0.28,37.4,11.83,16.39,53.9,27.9,25.5,0.2694,0.1358,0.0593,1.293,0.0121,0.1003,40.1,Good,0
419,4861.0,1129,161.5,0.92,0.28,38.3,12.72,16.21,54.2,25.9,28.6,0.2291,0.0918,0.1018,1.757,0.0222,0.0724,46.0,Good,0
420,4874.8,1198,205.4,2.07,0.3,32.6,12.99,16.81,55.9,27.4,27.9,0.1791,0.0278,0.0694,1.526,0.0127,0.0606,44.4,Good,0
421,4889.7,1203,178.5,2.06,0.3,40.2,14.0,18.69,61.6,30.1,26.3,0.1926,0.0964,0.1078,1.277,0.0067,0.0447,43.3,Good,0
422,4903.1,1181,244.6,1.03,0.3,41.1,13.2,17.85,63.1,25.0,27.4,0.1943,0.1284,0.09,0.981,0.0094,0.0451,42.3,Good,0
423,4915.1,1267,178.9,1.45,0.32,34.9,13.32,16.77,61.3,34.0,22.1,0.2285,0.0331,0.0751,0.837,0.0069,0.0269,39.9,Good,0
424,4923.5,1117,201.1,1.86,0.28,40.2,12.27,18.27,64.0,28.8,25.2,0.126,0.0803,0.0594,1.01,0.0051,0.0638,43.4,Good,0
425,4932.8,1576,173.5,1.53,0.4,33.6,14.46,16.4,63.7,29.8,28.0,0.285,0.0814,0.149,1.47,0.0071,0.0703,42.5,Good,0
426,4947.2,1188,155.1,1.58,0.3,39.2,13.86,17.47,64.0,24.1,25.8,0.2068,0.1579,0.123,1.305,0.0186,0.0485,45.6,Good,0
427,4956.9,1260,228.7,1.41,0.32,32.1,12.58,17.88,62.3,23.8,27.6,0.1993,0.1351,0.0429,1.494,0.0193,0.0454,41.6,Good,0
428,4965.5,1091,123.2,2.12,0.27,29.3,12.33,16.17,56.4,30.2,24.1,0.1841,0.1396,0.101,1.142,0.0121,0.0515,43.4,Good,0
429,4978.7,1429,160.9,1.79,0.36,40.1,14.6,20.16,61.8,33.2,28.7,0.1417,0.0555,0.0496,1.207,0.1544,0.1049,43.0,Good,3
430,4988.2,1052,202.8,1.28,0.26,36.1,12.33,16.96,54.6,27.2,24.4,0.1249,0.2336,0.1627,1.365,0.0133,0.1108,50.7,Good,0
431,5001.2,921,187.7,0.88,0.23,35.4,12.91,18.05,54.4,31.8,28.3,0.2049,0.1617,0.0227,1.798,0.0137,0.035,47.9,Good,0
432,5013.8,1467,104.9,1.15,0.37,32.8,13.61,16.48,59.0,29.2,25.4,0.2368,0.169,0.0425,0.662,0.0084,0.0488,40.1,Good,0
433,5027.8,1158,147.9,1.61,0.29,38.7,12.03,19.47,59.9,25.3,25.6,0.2082,0.1184,0.1201,1.215,0.0134,0.0701,42.0,Good,0
434,5041.6,1260,174.0,1.75,0.32,34.2,13.16,17.47,60.5,28.1,29.3,0.1328,0.028,0.0733,1.813,0.0233,0.1288,41.5,Good,0
435,5054.5,1262,137.8,1.64,0.32,20,13.31,14.44,60.3,27.6,27.0,0.1215,0.0969,0.0826,1.237,0.0148,0.0665,47.9,Good,0
436,5068.0,1272,211.3,1.24,0.32,28.3,12.73,17.21,59.5,25.7,26.1,0.2021,0.0772,0.0505,1.354,0.0143,0.0679,42.5,Good,0
437,5081.0,1219,165.0,1.52,0.31,20,12.6,16.46,61.0,28.3,28.1,0.0898,0.0901,0.1719,1.365,0.0059,0.0864,45.1,Good,0
438,5092.6,1077,208.4,0.65,0.27,44.0,11.57,17.15,60.6,27.2,24.7,0.2264,0.1167,0.07,1.48,0.0162,0.0934,42.8,Good,0
439,5101.3,1247,160.0,1.63,0.31,41.2,13.55,17.94,59.2,27.9,29.0,0.2216,0.097,0.1099,0.959,0.0134,0.1016,44.6,Good,0
440,5112.3,1137,145.1,2.09,0.29,40.6,12.22,17.44,57.6,31.6,32.1,0.1695,0.1237,0.0804,1.512,0.0103,0.1077,42.8,Good,0
441,5121.1,1346,204.1,2.02,0.34,39.6,13.83,16.72,65.9,27.3,27.7,0.2078,0.1088,0.0865,1.567,0.0134,0.0653,40.4,Good,0
442,5134.9,1016,182.4,1.25,0.26,20,12.05,15.16,63.1,30.4,26.5,0.0994,0.0764,0.0745,1.245,0.0173,0.0512,43.0,Good,0
443,5142.9,1113,178.5,1.77,0.28,40.6,12.52,17.16,56.5,30.4,32.3,0.1977,0.0749,0.0849,1.348,0.0128,0.0767,46.2,Good,0
444,5157.5,1402,142.7,1.23,0.35,49.9,14.16,19.31,60.0,31.1,28.2,0.1251,0.1044,0.1441,1.408,0.0219,0.0969,37.9,Good,0
445,5168.5,957,177.3,1.02,0.24,36.2,11.26,17.51,54.1,27.0,23.8,0.183,0.1855,0.1432,1.552,0.0078,0.1196,42.0,Good,0
446,5182.7,998,172.8,0.69,0.25,22.1,12.51,13.48,58.4,26.3,27.9,0.1629,0.134,0.1095,0.917,0.0215,0.059,41.7,Good,0
447,5194.4,1208,165.1,1.4,0.3,41.4,14.41,16.99,55.4,30.2,27.5,0.1373,0.0888,0.0644,1.855,0.0104,0.0856,46.5,Good,0
448,5204.7,1191,182.4,1.7,0.3,31.7,13.04,18.3,62.2,29.6,29.4,0.1875,0.1597,0.0803,1.509,0.0108,0.0726,46.1,Good,0
449,5214.0,1227,166.7,0.79,0.31,40.8,12.62,17.91,60.7,25.4,29.0,0.204,0.1062,0.1008,1.663,0.0167,0.0882,46.5,Good,0
450,5226.7,1184,211.2,0.82,0.3,30.6,12.67,17.7,57.3,28.7,27.6,0.2088,0.1231,0.0388,1.208,0.0024,0.0746,43.1,Good,0
451,5236.3,1140,155.3,2.15,0.29,33.1,13.46,16.87,59.4,28.4,23.0,0.2177,0.1189,0.0986,1.474,0.0132,0.0636,41.1,Good,0
452,5249.3,1286,136.6,1.25,0.32,34.9,13.33,19.51,59.7,25.5,28.2,0.1936,0.127,0.0686,1.501,0.0162,0.1056,44.9,Good,0
453,5261.7,1216,207.0,1.03,0.31,36.2,13.42,17.66,60.7,28.6,27.2,0.1789,0.0924,0.0254,1.238,0.0103,0.0686,44.1,Good,0
454,5270.4,1345,247.0,1.28,0.34,40.2,14.31,17.51,64.4,26.1,26.7,0.1599,0.0978,0.0432,1.47,0.0101,0.082,47.3,Good,0
455,5279.3,1196,164.8,0.75,0.3,25.9,12.99,15.39,63.8,29.3,26.9,0.1773,0.1082,0.1036,1.282,0.0192,0.0721,46.6,Good,0
456,5289.1,1411,139.0,2.41,0.35,23.0,14.18,17.69,59.2,30.7,27.4,0.1714,0.1002,0.1272,1.323,0.0196,0.0969,44.5,Good,0
457,5302.7,1115,133.7,1.01,0.28,42.3,13.37,17.16,60.9,28.5,28.1,0.1955,0.1805,0.1285,1.064,0.0093,0.1164,40.0,Good,0
458,5313.8,1152,144.7,1.41,0.29,40.3,13.09,19.13,64.6,29.4,26.3,0.1981,0.0645,0.0903,1.114,0.0138,0.0734,48.6,Good,0
459,5325.6,1339,180.2,1.2,0.34,30.3,13.75,16.91,61.3,29.5,23.6,0.2049,0.2217,0.1256,1.717,0.0096,0.1072,50.7,Good,0
460,5337.3,1458,173.1,1.54,0.37,31.3,13.23,17.57,58.9,27.7,29.6,0.2097,0.0575,0.1022,1.194,0.0098,0.0798,44.9,Good,0
461,5350.4,981,227.5,1.71,0.25,37.8,11.64,19.05,59.2,28.9,28.8,0.1652,0.1105,0.1102,1.946,0.0139,0.0963,44.4,Good,0
462,5364.8,1268,177.4,0.86,0.32,32.8,12.46,17.29,67.4,34.0,27.8,0.2239,0.1639,0.1679,1.419,0.1436,0.0904,44.0,Good,3
463,5379.5,1392,210.3,1.17,0.35,45.7,14.06,19.02,61.4,27.0,24.4,0.2468,0.1722,0.1101,1.736,0.0167,0.0876,44.8,Good,0
464,5391.1,1243,165.8,1.58,0.31,34.1,12.79,18.91,56.3,28.9,27.8,0.1978,0.1318,0.1171,1.475,0.0171,0.0709,42.2,Good,0
465,5403.4,1450,226.0,2.24,0.36,26.8,13.71,17.19,58.6,28.8,25.3,0.2684,0.1741,0.0533,1.318,0.0123,0.0713,37.1,Good,0
466,5417.1,1186,168.4,2.43,0.3,35.3,12.35,17.72,59.9,23.5,24.6,0.1761,0.1371,0.109,1.79,0.0134,0.0987,43.3,Good,0
467,5427.8,1134,208.6,1.36,0.28,27.2,13.34,15.84,59.6,24.4,26.2,0.1306,0.155,0.0553,1.242,0.0145,0.0864,45.1,Good,0
468,5440.6,1197,133.3,1.5,0.3,35.6,12.95,16.24,64.5,30.5,24.3,0.1723,0.1414,0.1385,1.455,0.0158,0.0854,36.8,Good,0
469,5455.0,1213,236.2,1.7,0.3,36.5,13.46,18.32,63.6,37.4,28.7,0.1885,0.1128,0.0819,1.689,0.1482,0.1122,44.5,Good,3
470,5463.5,951,156.8,1.65,0.24,39.1,12.69,18.29,54.3,27.7,28.1,0.1894,0.1131,0.0903,1.027,0.0102,0.0807,39.6,Good,0
471,5471.6,1312,140.7,1.86,0.33,27.9,13.62,18.04,59.6,29.0,26.9,0.1965,0.174,0.0937,1.019,0.0126,0.1037,45.4,Good,0
472,5484.8,932,159.0,1.68,0.23,26.8,11.42,16.95,60.1,30.4,28.3,0.1868,0.1122,0.0825,1.744,0.0159,0.0713,46.7,Good,0
473,5493.3,993,151.1,1.32,0.25,44.4,12.14,18.39,58.1,26.1,31.4,0.2269,0.122,0.0839,1.389,0.0081,0.0793,46.1,Good,0
474,5502.7,1203,131.8,2.11,0.3,33.0,12.96,16.57,58.3,24.7,25.0,0.1729,0.1422,0.0292,1.645,0.016,0.0995,44.9,Good,0
475,5511.3,1139,118.9,1.71,0.29,24.1,11.98,17.04,58.4,28.4,25.2,0.1171,0.1806,0.0327,1.306,0.0132,0.0843,45.9,Good,0
476,5524.7,1122,193.3,1.38,0.28,33.0,13.69,15.01,57.2,28.2,26.2,0.216,0.1393,0.1063,1.785,0.0213,0.0993,42.7,Good,0
477,5534.7,1158,189.8,1.8,0.29,47.4,12.9,20.08,62.4,31.8,28.0,0.0999,0.166,0.1037,1.729,0.0125,0.0822,42.4,Good,0
478,5545.3,1407,118.8,1.08,0.35,43.6,13.0,17.81,58.4,28.1,26.8,0.205,0.0936,0.1065,1.396,0.0082,0.0679,45.5,Good,0
479,5553.8,1072,201.6,1.87,0.27,40.0,11.53,20.06,56.9,28.6,28.7,0.1111,0.2425,0.0435,0.952,0.0116,0.0568,43.2,Good,0
480,5565.1,1193,188.2,1.75,0.3,42.5,14.83,19.81,62.2,27.3,27.1,0.9219,0.165,0.2813,4.458,0.0457,0.0726,40.9,Good,2
481,5577.6,1249,185.7,1.22,0.31,38.8,14.25,19.78,63.5,26.2,29.8,0.2037,0.1519,0.0602,0.931,0.0132,0.0745,44.7,Good,0
482,5590.4,1323,219.2,1.12,0.33,44.7,13.79,18.13,58.5,32.7,26.6,0.1763,0.0547,0.083,1.469,0.0207,0.082,44.7,Good,0
483,5601.6,1380,227.9,2.3,0.35,48.9,14.48,19.34,63.0,29.1,27.8,0.8111,0.4008,0.2543,5.538,0.0851,0.0642,42.4,Good,2
484,5612.2,986,240.4,2.02,0.25,33.1,13.21,19.62,54.8,26.0,27.6,0.4989,0.5602,0.1382,5.132,0.0398,0.121,43.0,Good,2
485,5621.0,1271,208.3,1.74,0.32,44.6,13.64,17.34,55.4,32.1,21.9,0.1881,0.1024,0.0655,1.332,0.0095,0.0658,39.6,Good,0
486,5631.9,950,181.1,1.66,0.24,33.4,13.17,18.44,59.6,28.8,29.1,0.9552,0.6784,0.4079,5.363,0.0675,0.0601,41.3,Good,2
487,5645.6,1129,132.7,1.89,0.28,35.4,12.09,16.9,60.7,29.7,25.8,0.2087,0.1222,0.0511,1.665,0.0191,0.0877,47.2,Good,0
488,5659.4,1090,164.1,2.72,0.27,28.6,12.19,17.07,58.6,24.4,22.8,0.2299,0.1969,0.058,2.137,0.0187,0.088,42.9,Good,0
489,5668.1,1256,146.3,1.03,0.32,24.7,12.8,17.05,61.8,26.1,25.1,0.2572,0.1309,0.1007,1.21,0.0182,0.1009,42.9,Good,0
490,5678.8,1196,164.1,0.96,0.3,38.2,12.76,17.95,54.6,28.4,24.1,0.1617,0.2124,0.0602,1.573,0.0102,0.0763,40.0,Good,0
491,5690.8,1332,200.1,1.34,0.33,32.8,14.24,16.66,62.5,28.8,27.1,0.1993,0.116,0.0788,1.951,0.0077,0.0772,40.4,Good,0
492,5701.0,1429,150.3,1.52,0.36,36.0,13.88,16.55,69.1,32.9,26.7,0.174,0.0287,0.0926,2.15,0.2145,0.0971,44.1,Good,3
493,5709.2,1114,178.7,1.63,0.28,32.1,12.64,14.99,60.3,26.5,29.1,0.1573,0.1836,0.054,1.687,0.0182,0.0898,43.4,Good,0
494,5720.0,1232,197.3,1.18,0.31,20,13.86,17.28,58.9,29.6,25.6,0.1783,0.0464,0.0606,1.692,0.0108,0.0824,40.3,Good,0
495,5731.0,1068,168.1,1.4,0.27,32.8,13.67,15.74,53.1,27.7,27.4,0.1988,0.1519,0.0972,1.524,0.0119,0.0891,40.5,Good,0
496,5739.5,1120,155.9,1.54,0.28,31.0,11.55,16.2,58.4,26.0,25.5,0.2122,0.1395,0.0416,1.49,0.0173,0.0854,39.3,Good,0
497,5753.5,1483,208.7,0.91,0.37,41.3,13.74,17.8,61.7,28.8,28.6,0.1314,0.1552,0.0806,1.639,0.0,0.0795,47.3,Good,0
498,5767.5,1529,175.0,1.34,0.38,50.0,14.37,20.94,72.2,33.7,25.4,0.1812,0.0796,0.0656,2.166,0.113,0.0521,41.8,Good,3
499,5779.8,1018,208.8,0.75,0.26,39.4,12.29,18.46,59.2,26.7,29.7,0.1519,0.1296,0.1134,1.465,0.0164,0.0971,49.4,Good,0
500,5790.4,1571,128.1,2.24,0.39,28.5,14.64,15.61,57.7,27.8,28.2,0.216,0.1538,0.1319,1.893,0.0182,0.0852,47.5,Good,0
501,5803.6,1497,129.5,1.13,0.38,39.5,13.76,17.47,58.9,27.9,28.7,0.2355,0.1454,0.1207,1.728,0.0196,0.1051,40.3,Good,0
502,5816.8,1217,191.6,1.64,0.31,34.5,13.4,16.77,57.9,30.1,24.4,0.1592,0.1607,0.1102,1.519,0.0178,0.1016,46.4,Good,0
503,5831.2,1228,208.0,2.29,0.31,32.5,13.87,19.05,56.7,30.5,30.3,0.1788,0.0903,0.1052,1.323,0.0149,0.0532,41.6,Good,0
504,5839.4,1113,152.0,1.41,0.28,53.2,12.93,19.18,60.8,26.1,24.4,0.1431,0.1356,0.057,1.653,0.0137,0.1064,45.8,Good,0
505,5851.1,1040,181.3,1.26,0.26,24.5,13.21,18.76,60.4,25.7,24.8,0.5671,0.4606,0.2932,4.856,0.0793,0.1018,37.3,Good,2
506,5861.0,1272,230.6,1.31,0.32,40.4,12.59,17.8,66.2,28.1,28.7,0.2092,0.1309,0.1034,1.153,0.0113,0.0616,41.9,Good,0
507,5869.1,1066,184.3,1.64,0.27,40.6,12.61,17.6,59.4,30.9,29.3,0.041,0.07,0.1087,1.721,0.0223,0.1152,40.5,Good,0
508,5878.2,1240,190.6,1.28,0.31,47.3,13.25,19.82,60.2,27.0,22.9,0.1951,0.0421,0.123,1.492,0.0081,0.0576,40.5,Good,0
509,5887.0,1105,135.5,2.6,0.28,37.9,14.22,19.1,58.9,28.0,25.7,0.2485,0.104,0.15,1.233,0.0156,0.1071,42.2,Good,0
510,5899.8,1332,160.6,1.97,0.33,32.5,14.56,17.41,61.1,26.2,26.8,0.1394,0.0923,0.0144,1.834,0.0004,0.0862,45.4,Good,0
511,5913.3,1105,257.0,0.89,0.28,35.1,12.09,17.58,64.6,28.6,27.1,0.1662,0.1725,0.1142,1.464,0.0117,0.0781,44.0,Good,0
512,5924.3,1197,179.1,1.5,0.3,42.4,13.32,17.99,69.7,28.9,29.5,0.2107,0.1337,0.0623,1.928,0.0153,0.0812,43.6,Good,0
513,5938.0,1098,156.2,1.68,0.28,34.2,12.33,16.18,57.2,28.3,28.0,0.1401,0.1087,0.1233,1.677,0.0125,0.0884,45.3,Good,0
514,5950.4,1060,171.7,1.8,0.27,29.0,12.04,16.23,60.6,27.6,27.3,0.0629,0.0836,0.0457,1.718,0.0139,0.1037,45.9,Good,0
515,5962.7,1164,201.2,1.29,0.29,34.7,13.24,19.54,59.9,29.6,25.4,0.1958,0.1245,0.1109,1.309,0.0093,0.0651,39.1,Good,0
516,5973.1,1302,194.3,1.14,0.33,35.8,13.35,18.72,64.1,26.6,27.0,0.136,0.0501,0.0819,1.715,0.0192,0.1206,46.2,Good,0
517,5988.0,1373,181.4,1.42,0.34,31.3,14.15,17.84,57.7,29.0,27.3,0.0624,0.1843,0.1146,1.553,0.0175,0.1175,38.5,Good,0
518,5999.8,1299,139.2,1.85,0.33,26.4,13.09,16.62,56.4,26.4,27.2,0.1174,0.0321,0.0455,1.54,0.0115,0.0646,43.1,Good,0
519,6010.5,1177,166.5,1.14,0.3,39.2,14.08,19.26,65.1,38.2,28.2,0.2346,0.1096,0.0859,1.858,0.1059,0.1124,41.2,Good,3
520,6025.4,1015,226.0,1.13,0.26,34.9,13.11,17.01,63.1,28.4,25.4,0.1834,0.0861,0.0375,1.217,0.0095,0.0854,47.3,Good,0
521,6037.9,1079,203.7,1.22,0.27,26.2,13.82,16.06,62.7,27.5,27.3,0.1976,0.1011,0.1017,1.376,0.0105,0.122,44.6,Good,0
522,6052.5,949,187.5,2.22,0.24,33.3,11.94,17.62,59.3,27.2,26.4,0.1911,0.1072,0.0934,1.286,0.021,0.0896,39.2,Good,0
523,6066.4,1317,167.8,1.38,0.33,27.6,13.47,16.97,62.0,29.4,23.7,0.2034,0.1694,0.0593,1.529,0.0121,0.1174,40.4,Good,0
524,6075.8,1317,121.0,1.24,0.33,41.3,12.9,15.83,60.4,26.0,26.0,0.1385,0.1645,0.0748,1.424,0.0203,0.0841,42.6,Good,0
525,6084.2,1069,192.8,1.65,0.27,36.4,12.41,18.39,66.3,29.3,26.3,0.1746,0.1056,0.1444,1.279,0.0112,0.0951,37.7,Good,0
526,6092.8,938,153.2,1.93,0.24,31.1,12.64,17.28,59.5,27.2,28.3,0.1369,0.1787,0.1142,1.51,0.0033,0.0864,46.1,Good,0
527,6105.9,1397,159.7,1.71,0.35,30.9,13.52,19.66,59.7,25.8,25.4,0.2354,0.1446,0.1125,1.876,0.0169,0.1357,43.2,Good,0
528,6114.2,1374,187.9,1.25,0.35,28.1,14.16,17.74,65.1,35.9,24.7,0.1752,0.0694,0.1384,2.352,0.1686,0.0794,44.8,Good,3
529,6127.1,1057,193.5,1.78,0.27,41.5,12.88,18.74,63.2,28.5,30.3,0.2478,0.0742,0.01,1.185,0.0153,0.1378,40.2,Good,0
530,6135.2,1148,126.1,1.68,0.29,36.9,13.49,16.65,57.5,28.6,27.6,0.1799,0.1701,0.0411,1.553,0.0149,0.0951,43.5,Good,0
531,6145.7,1291,169.2,1.28,0.32,20,14.01,15.66,60.1,30.5,25.2,0.1508,0.0975,0.0947,1.283,0.0139,0.0959,44.9,Good,0
532,6160.5,1230,229.0,1.59,0.31,42.5,12.72,19.76,62.2,29.6,27.3,0.11,0.1699,0.1109,1.366,0.0116,0.0974,44.6,Good,0
533,6172.8,901,181.7,1.41,0.23,36.6,12.84,17.69,59.2,24.7,24.3,0.2765,0.0793,0.1048,1.643,0.0127,0.0966,39.7,Good,0
534,6186.1,1047,227.4,1.11,0.26,38.4,13.09,17.35,53.9,30.1,26.2,0.1218,0.0972,0.0723,1.063,0.0084,0.089,43.1,Good,0
535,6196.7,1191,111.8,1.55,0.3,36.0,12.91,16.18,62.3,26.1,29.2,0.1984,0.0486,0.078,0.941,0.0111,0.1085,42.6,Good,0
536,6208.7,1149,201.2,1.69,0.29,43.0,12.71,20.97,62.1,27.5,29.7,0.1729,0.1334,0.1118,1.522,0.0156,0.0728,47.7,Good,0
537,6218.7,1253,168.5,1.35,0.31,31.7,12.42,17.28,67.6,33.9,26.3,0.1714,0.0898,0.0879,1.735,0.0962,0.0891,47.8,Good,3
538,6232.7,1056,218.0,1.2,0.27,30.6,12.97,17.86,56.4,25.4,23.8,0.2077,0.1478,0.0964,1.666,0.0134,0.1131,41.0,Good,0
539,6243.5,1102,152.4,2.05,0.28,33.2,13.09,17.99,56.1,28.5,24.7,0.14,0.102,0.1024,1.556,0.0216,0.0974,48.9,Good,0
540,6251.7,1178,150.9,1.66,0.3,35.0,12.71,16.12,62.1,29.4,25.0,0.2336,0.1344,0.058,1.881,0.0112,0.1357,43.4,Good,0
541,6261.6,1264,158.6,1.51,0.32,41.0,13.6,17.9,53.9,26.8,28.4,0.0691,0.1169,0.0667,1.254,0.0176,0.0966,40.0,Good,0
542,6272.8,1030,199.0,1.6,0.26,31.3,12.9,17.32,61.7,29.8,28.0,0.2451,0.1145,0.0553,1.282,0.0156,0.061,39.0,Good,0
543,6287.1,1219,176.3,1.73,0.31,39.3,13.38,17.09,51.4,30.7,30.0,0.2745,0.0776,0.0714,1.16,0.0178,0.0514,45.1,Good,0
544,6299.0,1182,165.3,2.18,0.3,24.7,12.61,15.91,60.7,24.4,28.2,0.1661,0.1642,0.1027,1.227,0.0133,0.0718,44.5,Good,0
545,6312.3,1505,144.6,2.24,0.38,43.5,14.61,16.58,57.2,29.4,28.0,0.1451,0.1633,0.1216,1.304,0.0084,0.0792,40.8,Good,0
546,6326.2,1081,191.8,1.4,0.27,39.6,13.4,16.96,57.4,29.3,28.0,0.2094,0.1417,0.0321,1.914,0.0174,0.1182,46.0,Good,0
547,6336.3,1591,135.5,1.52,0.4,20,13.94,17.92,57.0,24.5,26.1,0.2744,0.1232,0.11,1.351,0.0145,0.09,43.6,Good,0
548,6350.8,980,158.9,0.75,0.25,33.0,12.29,16.79,64.9,31.2,26.9,0.2148,0.145,0.1368,1.595,0.0097,0.093,45.9,Good,0
549,6363.9,1117,211.6,1.41,0.28,46.1,12.58,20.63,57.3,26.4,30.5,0.1257,0.0505,0.1315,1.349,0.0178,0.0614,43.8,Good,0
550,6372.0,1295,202.1,2.06,0.33,30.8,13.91,19.47,55.0,30.1,24.4,0.1987,0.1203,0.0708,1.628,0.0141,0.095,42.6,Good,0
551,6381.2,1098,191.5,1.11,0.28,42.2,13.08,18.01,62.7,28.6,25.1,0.1443,0.1558,0.102,1.225,0.0129,0.0813,44.0,Good,0
552,6395.4,1204,155.3,1.85,0.3,33.6,13.79,17.05,54.9,24.4,27.4,0.1286,0.1228,0.0924,1.368,0.0204,0.0912,45.8,Good,0
553,6407.0,1402,146.5,2.14,0.35,40.1,14.75,18.07,65.4,26.0,30.1,0.1615,0.1583,0.0737,1.704,0.0059,0.0953,42.6,Good,0
554,6416.4,943,128.3,1.23,0.24,30.3,12.63,18.13,56.1,25.2,26.0,0.1329,0.1156,0.0956,1.45,0.0213,0.0936,45.0,Good,0
555,6428.2,1269,163.3,1.78,0.32,20,13.25,16.63,59.6,26.2,28.4,0.2034,0.1483,0.0965,1.622,0.0155,0.0901,48.4,Good,0
556,6437.9,1189,195.3,1.62,0.3,23.6,13.38,16.81,56.7,31.8,27.3,0.1573,0.1059,0.0853,1.86,0.0231,0.1194,38.4,Good,0
557,6447.2,1098,164.0,1.29,0.28,43.6,12.18,18.2,60.7,30.5,26.5,0.0715,0.1291,0.068,1.569,0.0125,0.1131,43.2,Good,0
558,6455.4,1050,180.6,1.15,0.26,42.2,13.1,16.92,57.5,26.2,30.2,0.2021,0.1173,0.1192,1.638,0.016,0.1085,48.8,Good,0
559,6466.8,1200,196.6,1.16,0.3,28.9,13.37,16.75,61.3,26.9,29.3,0.1756,0.1223,0.0716,1.161,0.0146,0.0933,38.6,Good,0
560,6480.4,1075,172.7,1.3,0.27,29.2,12.68,16.65,56.5,28.1,25.8,0.1796,0.0959,0.0159,1.185,0.0166,0.0917,46.4,Good,0
561,6488.6,1118,188.4,1.65,0.28,26.3,12.98,18.29,57.4,25.3,26.6,0.1299,0.1619,0.113,1.179,0.0111,0.0978,46.2,Good,0
562,6498.1,1021,148.8,1.2,0.26,34.3,12.13,15.36,58.2,30.1,27.1,0.1909,0.1321,0.1157,1.493,0.0142,0.0525,42.4,Good,0
563,6507.4,1136,145.0,1.43,0.29,37.5,13.69,18.34,58.5,29.7,23.4,0.1432,0.1027,0.0684,1.489,0.0154,0.0869,41.1,Good,0
564,6517.2,987,168.8,1.7,0.25,37.2,11.75,18.01,56.3,28.4,24.3,0.1645,0.1915,0.1208,1.289,0.0168,0.0966,40.2,Good,0
565,6528.5,1329,225.7,1.67,0.33,34.8,14.65,19.25,61.5,25.3,28.1,0.1526,0.1617,0.1185,1.374,0.0104,0.1024,46.0,Good,0
566,6539.1,1072,202.4,1.32,0.27,44.0,12.3,18.22,53.7,25.8,26.1,0.1984,0.061,0.06,1.275,0.0218,0.0582,41.7,Good,0
567,6549.6,1341,184.5,0.92,0.34,37.5,13.05,18.4,64.9,30.2,27.1,0.1748,0.1193,0.0851,1.32,0.0194,0.0972,44.6,Good,0
568,6560.1,1192,247.7,1.42,0.3,33.7,14.47,21.7,58.8,31.0,23.5,0.8775,0.4166,0.1963,5.902,0.0795,0.0957,43.6,Good,2
569,6574.3,1201,125.5,1.59,0.3,35.5,13.56,17.54,59.0,27.5,26.5,0.2313,0.1488,0.1096,1.437,0.019,0.1085,43.3,Good,0
570,6586.6,1484,186.0,1.7,0.37,29.3,13.78,15.7,64.2,27.6,26.4,0.2068,0.078,0.0883,0.94,0.0026,0.0886,42.0,Good,0
571,6597.7,1184,199.7,1.25,0.3,34.8,13.99,18.07,57.8,26.0,26.1,0.6868,0.4607,0.3064,3.474,0.0692,0.099,41.5,Good,2
572,6609.8,1450,169.1,1.57,0.36,29.6,13.04,17.62,59.7,28.0,25.9,0.2539,0.1406,0.0972,1.555,0.0184,0.0941,44.8,Good,0
573,6620.0,1215,199.2,1.69,0.31,31.7,12.87,16.92,57.3,25.4,24.2,0.2724,0.1374,0.0619,1.846,0.0105,0.0915,45.8,Good,0
574,6629.5,1159,153.5,1.77,0.29,21.8,12.65,16.4,57.3,27.5,27.1,0.2349,0.1588,0.0964,1.899,0.016,0.1085,45.1,Good,0
575,6641.6,1098,201.0,1.41,0.28,33.9,13.34,17.78,66.3,35.5,26.1,0.1486,0.1253,0.1441,1.397,0.0962,0.092,44.1,Good,3
576,6652.8,1058,165.3,0.89,0.27,44.0,13.98,19.38,55.7,29.9,25.6,0.1042,0.1529,0.1191,1.743,0.0109,0.1003,42.6,Good,0
577,6661.0,862,174.8,2.28,0.22,21.4,12.61,19.25,56.5,26.8,30.2,0.1976,0.078,0.0906,1.481,0.0187,0.1133,43.7,Good,0
578,6670.0,1294,163.0,1.76,0.33,37.8,12.98,17.06,60.6,25.0,27.6,0.1451,0.0362,0.0622,1.615,0.0179,0.1035,38.5,Good,0
579,6683.0,1206,166.6,1.97,0.3,44.8,12.73,18.5,60.5,24.7,27.2,0.1497,0.1054,0.0502,1.893,0.0156,0.1242,40.5,Good,0
580,6693.5,1051,227.2,0.99,0.26,26.5,12.93,16.18,62.9,26.5,27.7,0.1097,0.1685,0.1639,1.394,0.0176,0.1261,45.4,Good,0
581,6704.5,1317,218.9,1.73,0.33,27.3,13.33,16.79,63.8,26.4,28.5,0.0537,0.1288,0.048,1.773,0.0167,0.1279,46.8,Good,0
582,6714.6,1188,222.5,0.93,0.3,26.3,12.57,17.49,51.5,26.1,26.6,0.167,0.0997,0.0536,1.524,0.0095,0.0833,49.2,Good,0
583,6726.7,1289,232.0,1.44,0.32,26.3,14.14,16.91,58.0,27.1,28.4,0.2063,0.0746,0.1022,1.613,0.0088,0.1174,46.2,Good,0
584,6734.9,1104,218.0,1.19,0.28,30.7,13.14,16.7,57.1,27.2,32.3,0.166,0.0922,0.116,1.695,0.0234,0.1339,38.8,Good,0
585,6748.0,1036,175.1,1.84,0.26,38.6,13.87,20.2,62.4,28.0,24.9,0.3013,0.1337,0.0881,2.153,0.0064,0.1354,48.3,Good,0
586,6762.2,1283,152.7,1.69,0.32,38.5,14.49,17.12,62.5,28.1,24.9,0.1783,0.0506,0.0825,1.716,0.0154,0.1012,47.9,Good,0
587,6774.4,1391,155.7,1.44,0.35,43.1,12.72,17.98,62.5,29.8,27.2,0.2179,0.1328,0.0767,1.6,0.0051,0.1231,38.3,Good,0
588,6786.5,1111,159.9,0.79,0.28,46.8,12.85,18.74,63.9,27.3,25.6,0.2758,0.1358,0.1315,1.581,0.008,0.1209,42.9,Good,0
589,6798.5,1142,196.9,1.88,0.29,34.3,13.16,17.67,70.1,34.4,27.0,0.2429,0.1115,0.0681,2.052,0.1072,0.0984,43.5,Good,3
590,6812.9,1339,210.2,1.61,0.34,32.1,14.35,17.59,57.3,25.2,28.8,0.1211,0.1466,0.078,2.309,0.0205,0.1154,46.2,Good,0
591,6821.6,1485,129.5,1.53,0.37,28.0,14.1,14.45,63.1,28.7,28.5,0.1359,0.1126,0.072,1.396,0.0051,0.0838,43.6,Good,0
592,6836.0,1038,209.2,1.91,0.26,33.7,12.71,17.72,52.0,27.3,28.4,0.1288,0.1009,0.1143,1.193,0.021,0.0852,44.8,Good,0
593,6849.2,1363,150.8,0.74,0.34,29.9,14.44,17.34,59.2,26.9,31.1,0.1948,0.1629,0.0913,1.412,0.0209,0.1106,47.7,Good,0
594,6864.1,1317,102.9,1.31,0.33,35.0,13.68,17.23,60.3,26.2,23.4,0.2795,0.1178,0.1182,1.332,0.002,0.0895,44.6,Good,0
595,6873.9,1184,165.1,1.6,0.3,23.6,13.51,17.23,55.1,25.9,29.4,0.1078,0.1158,0.0761,1.487,0.0136,0.0997,44.1,Good,0
596,6883.0,1178,235.9,1.5,0.3,31.1,12.55,18.92,62.2,31.8,28.9,0.1426,0.1216,0.0884,1.768,0.0167,0.1142,46.1,Good,0
597,6894.1,1254,134.8,1.01,0.32,30.5,13.39,16.02,67.0,29.5,29.4,0.1268,0.1267,0.0762,1.374,0.012,0.1051,48.3,Good,0
598,6906.9,1276,199.9,1.07,0.32,42.6,14.14,18.3,50.1,25.7,28.5,0.202,0.1522,0.1227,1.584,0.0154,0.1181,48.6,Good,0
599,6917.1,988,222.7,1.26,0.25,35.5,12.51,18.05,68.9,33.4,30.4,0.1977,0.0638,0.0694,1.771,0.146,0.0924,45.9,Good,3
600,6931.5,1439,148.1,1.9,0.36,23.5,13.97,16.3,61.7,25.7,26.2,0.1744,0.0389,0.1,1.445,0.0127,0.0906,43.1,Good,0
601,6943.5,1201,203.1,1.46,0.3,22.8,13.12,16.22,59.4,29.4,30.5,0.2795,0.1537,0.0795,1.337,0.0214,0.0962,43.2,Good,0
602,6953.1,1030,159.7,1.02,0.26,37.2,12.54,17.91,62.7,28.5,29.3,0.1202,0.0977,0.0994,1.311,0.017,0.1086,42.4,Good,0
603,6967.3,1217,160.5,1.69,0.31,24.6,13.09,15.39,59.7,29.6,26.5,0.2054,0.0976,0.0839,1.516,0.0121,0.1047,47.3,Good,0
604,6977.5,816,210.4,1.94,0.21,31.9,12.3,17.07,64.7,25.3,28.0,0.1492,0.1139,0.0992,2.062,0.019,0.0827,38.2,Good,0
605,6987.0,1068,179.7,1.32,0.27,34.3,13.43,17.96,53.6,27.1,26.3,0.3157,0.0897,0.0599,1.818,0.0196,0.0972,39.0,Good,0
606,7000.4,1158,249.2,0.72,0.29,37.8,11.98,17.24,61.0,25.1,28.7,0.0716,0.1797,0.0571,1.639,0.0149,0.1022,47.8,Good,0
607,7015.2,1203,174.1,1.42,0.3,29.8,12.46,16.46,59.1,28.5,29.3,0.1947,0.1051,0.0911,1.303,0.0163,0.1026,46.1,Good,0
608,7026.6,1170,146.8,1.62,0.29,34.6,13.81,17.11,60.7,27.0,25.8,0.1027,0.1863,0.1023,1.148,0.0132,0.0898,44.3,Good,0
609,7039.8,1083,226.3,1.3,0.27,37.4,13.43,18.26,57.0,26.4,26.7,0.2652,0.1294,0.1379,1.72,0.016,0.1163,45.8,Good,0
610,7052.8,1085,234.1,1.86,0.27,30.1,13.58,17.6,57.1,28.0,26.6,0.2177,0.148,0.0625,1.443,0.0121,0.1161,45.8,Good,0
611,7061.2,874,168.2,1.43,0.22,34.9,11.37,16.28,56.6,27.7,24.4,0.2659,0.1088,0.0374,1.531,0.0166,0.102,42.4,Good,0
612,7075.1,1489,215.5,0.53,0.37,20,13.75,15.89,56.6,30.6,28.3,0.1472,0.1614,0.0704,1.095,0.0055,0.1073,38.3,Good,0
613,7086.1,1394,185.3,2.25,0.35,35.6,14.83,17.65,63.5,26.3,24.0,0.1382,0.1031,0.134,1.585,0.0173,0.1213,39.6,Good,0
614,7095.2,1215,159.8,1.54,0.31,36.7,12.98,17.43,61.8,28.4,28.6,0.1447,0.1346,0.1093,1.141,0.0181,0.0763,42.3,Good,0
615,7105.7,1409,228.8,0.8,0.35,40.6,13.9,17.74,61.8,25.3,29.5,0.2059,0.1337,0.1312,1.668,0.0106,0.0921,40.8,Good,0
616,7114.5,1203,164.8,0.96,0.3,35.7,12.31,17.36,61.3,27.8,27.1,0.1967,0.0818,0.1076,1.305,0.0168,0.1076,41.3,Good,0
617,7129.1,1283,152.6,1.7,0.32,29.5,13.59,16.79,64.4,27.5,28.0,0.1804,0.1716,0.1021,1.548,0.0037,0.1162,44.9,Good,0
618,7142.0,1204,169.4,1.76,0.3,20,14.26,17.84,58.7,28.5,25.8,0.1974,0.1067,0.1084,1.289,0.0204,0.0977,46.4,Good,0
619,7152.1,968,133.5,1.47,0.24,42.0,11.83,19.29,67.7,32.0,25.6,0.1847,0.1258,0.1005,1.537,0.1661,0.1119,42.8,Good,3
620,7167.1,1330,202.1,2.28,0.33,33.4,14.36,18.52,59.4,26.9,25.4,0.12,0.0784,0.0406,1.463,0.0128,0.0979,44.1,Good,0
621,7181.0,1235,199.9,2.15,0.31,48.9,13.37,19.66,61.8,27.0,25.5,0.2533,0.1103,0.0509,1.632,0.0173,0.1098,43.1,Good,0
622,7195.2,1205,164.1,0.98,0.3,40.5,13.68,19.85,61.6,28.3,27.4,0.6589,0.3401,0.2548,4.106,0.0753,0.0677,46.5,Good,2
623,7206.6,1083,215.1,1.71,0.27,25.4,13.02,17.38,52.6,25.8,30.6,0.177,0.1925,0.0523,1.538,0.0178,0.0956,43.7,Good,0
624,7219.2,1132,156.1,1.36,0.28,34.7,13.44,18.36,62.0,26.8,30.9,0.1612,0.1601,0.1024,1.738,0.0153,0.09,43.2,Good,0
625,7233.3,1049,179.1,2.85,0.26,24.6,12.87,17.2,66.2,35.6,25.1,0.1947,0.0839,0.0989,2.34,0.1171,0.1222,51.0,Good,3
626,7245.0,1151,189.8,1.79,0.29,44.8,12.82,19.4,57.7,32.7,25.8,0.149,0.2024,0.1525,1.118,0.0205,0.081,42.0,Good,0
627,7256.3,1432,233.4,1.8,0.36,35.0,13.82,17.8,61.6,29.5,23.9,0.223,0.028,0.0925,1.406,0.0164,0.0933,48.6,Good,0
628,7268.8,1124,192.4,1.58,0.28,32.4,11.39,18.19,62.1,26.4,24.0,0.2049,0.1214,0.0848,1.53,0.0155,0.1254,45.1,Good,0
629,7281.2,983,188.0,1.44,0.25,38.9,12.12,17.7,67.8,24.9,29.9,0.2225,0.1492,0.0372,1.252,0.0193,0.1089,40.4,Good,0
630,7294.1,1270,131.4,1.53,0.32,38.7,12.66,19.02,53.5,25.5,28.3,0.2068,0.0957,0.0861,1.607,0.0219,0.1373,41.6,Good,0
631,7303.8,1044,178.5,2.09,0.26,20,12.69,16.24,58.0,28.6,23.9,0.0915,0.0916,0.0642,1.612,0.0092,0.1183,46.2,Good,0
632,7318.3,1049,207.4,0.9,0.26,27.4,12.97,17.71,57.4,25.4,29.0,0.1294,0.1777,0.1135,1.513,0.012,0.1355,40.8,Good,0
633,7330.0,1456,159.8,1.02,0.37,25.0,13.84,18.19,66.2,33.5,23.1,0.178,0.1939,0.0449,1.74,0.1329,0.1084,50.3,Good,3
634,7339.7,1156,183.1,0.31,0.29,41.4,12.35,17.01,61.2,29.5,23.5,0.208,0.0917,0.0534,1.966,0.0112,0.1078,40.3,Good,0
635,7353.6,1240,235.8,2.01,0.31,42.6,13.77,18.91,57.3,29.5,23.0,0.1838,0.0188,0.0836,1.333,0.0121,0.0999,44.7,Good,0
636,7365.6,1396,154.8,0.88,0.35,30.0,13.77,17.41,58.4,27.7,30.2,0.1308,0.1118,0.1023,1.415,0.0203,0.0916,42.6,Good,0
637,7380.3,1324,122.4,1.36,0.33,45.0,13.6,18.35,71.8,36.9,22.0,0.181,0.1486,0.0775,2.373,0.0775,0.1786,42.9,Worn,3
638,7388.4,1201,186.1,0.92,0.3,25.1,12.08,15.0,55.3,31.3,26.6,0.142,0.0108,0.0977,1.631,0.0183,0.0897,41.1,Good,0
639,7399.0,1485,138.6,1.34,0.37,41.8,14.66,19.9,67.1,28.5,24.7,0.1371,0.1253,0.1044,1.531,0.0162,0.122,39.9,Good,0
640,7412.0,1156,137.7,0.41,0.29,27.3,12.42,16.62,59.1,25.6,26.1,0.2232,0.1331,0.1014,1.53,0.009,0.0863,42.0,Good,0
641,7424.8,1419,199.1,0.62,0.36,26.8,12.66,16.82,63.9,25.1,26.3,0.1485,0.1654,0.1416,1.131,0.0291,0.1076,38.4,Good,0
642,7433.8,980,168.8,1.48,0.25,35.9,12.27,16.09,58.0,27.8,25.5,0.1123,0.0798,0.0981,1.213,0.0212,0.0878,45.0,Good,0
643,7446.4,1124,180.5,2.32,0.28,45.3,12.94,18.88,60.6,26.1,29.5,0.2227,0.0876,0.1021,1.133,0.0125,0.0687,45.8,Good,0
644,7456.0,1412,176.2,1.14,0.35,46.3,13.87,19.87,67.4,27.8,27.0,0.1711,0.1263,0.122,1.518,0.0199,0.1085,41.4,Good,0
645,7470.0,1293,174.7,1.32,0.33,31.5,12.76,18.42,57.2,28.9,26.1,0.2349,0.1795,0.0983,1.775,0.0105,0.1163,43.8,Good,0
646,7481.7,1544,161.4,1.62,0.39,28.5,13.65,14.21,54.9,32.1,24.7,0.2368,0.0981,0.065,1.748,0.0202,0.1081,45.6,Good,0
647,7490.6,1072,170.9,1.3,0.27,39.4,11.95,18.78,53.2,27.0,23.3,0.2293,0.1482,0.0764,1.408,0.0257,0.1184,41.4,Good,0
648,7502.2,1035,163.2,1.1,0.26,41.2,12.24,17.6,59.6,28.9,27.1,0.1164,0.0994,0.0578,1.765,0.0209,0.1186,52.5,Good,0
649,7515.6,1230,133.9,1.39,0.31,34.6,12.86,17.14,56.2,29.6,27.5,0.2288,0.2155,0.143,1.518,0.0096,0.1296,45.7,Good,0
650,7529.8,1187,143.5,1.67,0.3,41.9,12.55,18.78,60.6,28.8,29.8,0.2924,0.1288,0.1025,0.978,0.0211,0.0998,47.8,Good,0
651,7544.2,1311,180.7,1.79,0.33,21.1,13.21,16.93,62.0,26.0,23.4,0.1225,0.1442,0.1176,1.645,0.0194,0.1725,41.3,Worn,0
652,7553.7,1377,146.2,1.41,0.35,47.1,13.03,17.45,58.0,25.6,28.9,0.11,0.1385,0.0972,1.618,0.0172,0.0961,47.6,Good,0
653,7562.5,1342,160.0,1.64,0.34,41.5,14.04,17.97,64.2,28.8,27.6,0.2259,0.0455,0.1263,1.519,0.0115,0.1285,42.7,Good,0
654,7573.9,1544,250.7,1.31,0.39,35.7,13.6,17.43,59.0,29.7,29.1,0.2926,0.1438,0.092,2.027,0.0173,0.1193,41.8,Good,0
655,7583.4,1119,215.4,1.85,0.28,32.7,12.45,18.39,61.5,29.2,27.5,0.2051,0.175,0.0337,1.499,0.0148,0.1574,46.5,Worn,0
656,7591.9,1205,216.8,1.29,0.3,33.4,12.79,18.84,65.9,27.2,27.8,0.209,0.1377,0.0617,1.545,0.0093,0.1213,46.4,Good,0
657,7605.6,1209,165.0,1.59,0.3,46.1,12.89,18.45,63.9,24.8,28.0,0.1518,0.0697,0.0398,1.485,0.022,0.1076,50.9,Good,0
658,7616.8,1276,171.6,1.13,0.32,33.3,13.11,17.13,60.6,28.4,26.0,0.1037,0.1357,0.0692,1.878,0.027,0.1325,43.3,Good,0
659,7627.6,1275,156.4,1.89,0.32,32.0,13.8,16.11,63.0,28.4,28.3,0.1919,0.1445,0.1209,1.662,0.0114,0.0869,40.1,Good,0
660,7639.9,1353,157.8,1.54,0.34,26.8,13.03,17.57,55.9,27.5,26.5,0.193,0.1696,0.1063,1.384,0.0129,0.1068,46.0,Good,0
661,7651.6,1269,209.4,1.36,0.32,27.6,13.63,17.25,58.1,26.1,28.2,0.1979,0.1044,0.1138,1.349,0.0182,0.1075,42.4,Good,0
662,7666.1,1014,148.3,1.93,0.25,26.6,13.59,17.65,65.0,28.3,28.1,0.7073,0.6811,0.1651,4.67,0.117,0.1176,48.7,Good,2
663,7678.2,1280,150.0,1.4,0.32,28.7,13.57,16.34,58.9,25.9,26.3,0.2561,0.1136,0.1574,1.801,0.0115,0.1365,39.3,Good,0
664,7690.8,1298,205.9,1.51,0.33,30.7,12.68,19.02,66.5,35.8,30.9,0.2989,0.102,0.0329,1.999,0.099,0.1017,40.9,Good,3
665,7705.7,1243,172.6,1.72,0.31,40.1,11.98,17.57,64.2,28.8,26.7,0.1084,0.0768,0.1529,1.61,0.0091,0.1073,44.2,Good,0
666,7716.7,1343,231.2,1.62,0.34,41.1,13.73,18.38,63.4,27.5,27.2,0.18,0.0524,0.0782,1.345,0.0171,0.0722,43.4,Good,0
667,7728.5,1483,240.7,1.04,0.37,25.8,13.82,16.73,58.4,29.3,23.3,0.1909,0.08,0.0507,1.637,0.0241,0.136,50.0,Good,0
668,7741.6,1036,168.8,1.41,0.26,52.6,12.68,19.99,54.1,28.6,27.5,0.1598,0.1365,0.1066,1.521,0.0138,0.1241,38.8,Good,0
669,7755.6,1225,180.3,1.78,0.31,20,13.38,16.44,58.5,30.2,29.2,0.2058,0.1829,0.1015,1.427,0.0056,0.1083,44.2,Good,0
670,7770.3,1466,181.3,1.51,0.37,37.5,15.56,17.46,59.7,27.3,29.9,0.1918,0.1093,0.0913,1.703,0.0215,0.1325,44.2,Good,0
671,7779.5,1227,195.8,0.46,0.31,29.4,14.34,17.48,63.5,25.7,25.5,0.139,0.1186,0.0399,1.152,0.0086,0.1076,46.0,Good,0
672,7792.6,985,171.7,1.8,0.25,33.8,11.68,17.82,57.8,28.3,23.8,0.2623,0.125,0.124,1.461,0.0151,0.1176,45.8,Good,0
673,7807.1,1054,214.7,1.44,0.26,32.3,12.65,17.74,56.6,29.3,27.0,0.1674,0.1138,0.0698,2.021,0.0099,0.1146,46.3,Good,0
674,7818.3,1457,153.1,1.94,0.37,33.5,14.05,18.1,62.8,30.8,26.8,0.1732,0.124,0.1014,1.444,0.0158,0.1355,39.7,Good,0
675,7827.5,1120,169.5,1.83,0.28,39.5,15.05,19.36,58.8,24.8,27.3,0.2426,0.5591,0.4636,5.587,0.0636,0.1286,50.5,Good,2
676,7835.9,1254,177.3,1.3,0.32,43.2,13.26,18.17,61.7,25.9,24.8,0.157,0.1288,0.1068,1.721,0.015,0.1145,45.4,Good,0
677,7849.0,1305,123.9,0.78,0.33,50.5,13.62,19.03,58.3,32.6,24.3,0.1946,0.0705,0.0662,1.72,0.0152,0.1384,42.7,Good,0
678,7858.3,1292,198.9,0.78,0.32,20,12.94,17.17,60.6,30.7,28.9,0.1653,0.1085,0.0493,1.898,0.0105,0.122,44.0,Good,0
679,7872.6,1314,173.9,0.84,0.33,39.3,13.34,17.15,58.3,29.0,25.0,0.2042,0.1454,0.0529,1.374,0.0196,0.1228,51.6,Good,0
680,7884.8,928,167.3,0.89,0.23,20,12.85,15.42,63.9,24.7,28.7,0.2188,0.1221,0.0942,1.459,0.0186,0.1105,44.1,Good,0
681,7897.4,1205,167.9,0.64,0.3,38.8,12.47,17.43,62.2,27.4,24.9,0.1936,0.1379,0.1048,1.888,0.0169,0.1358,43.5,Good,0
682,7911.5,1064,170.7,1.25,0.27,46.7,13.67,19.46,59.8,25.6,26.0,0.1926,0.1109,0.0867,1.368,0.0102,0.0924,41.8,Good,0
683,7919.9,1278,187.1,0.56,0.32,32.3,13.4,15.75,60.3,25.2,26.6,0.157,0.1341,0.1143,1.985,0.009,0.1225,38.8,Good,0
684,7931.0,1447,223.8,1.48,0.36,40.9,14.71,20.62,62.9,30.3,30.3,0.4754,0.4195,0.3209,4.194,0.0809,0.1038,39.0,Good,2
685,7939.2,1217,145.2,1.2,0.31,24.2,12.84,15.79,56.1,25.1,30.2,0.1978,0.1437,0.0251,1.521,0.0152,0.1143,42.1,Good,0
686,7952.4,1162,217.5,1.26,0.29,34.7,13.14,17.79,60.4,25.7,25.2,0.1291,0.117,0.0935,1.91,0.0162,0.1281,44.6,Good,0
687,7966.0,1186,119.0,1.66,0.3,44.9,12.65,19.59,61.2,24.2,25.3,0.1791,0.1678,0.0823,1.085,0.0179,0.1194,45.7,Good,0
688,7975.3,1111,210.5,1.38,0.28,22.5,12.71,17.03,55.2,28.7,26.7,0.1809,0.1206,0.0994,1.568,0.0084,0.101,43.6,Good,0
689,7983.4,1200,180.1,0.89,0.3,39.4,12.67,17.26,61.5,27.0,25.6,0.2047,0.1244,0.1108,1.56,0.0246,0.1292,46.4,Good,0
690,7997.9,1531,173.0,1.91,0.38,42.8,14.55,18.45,57.9,30.3,25.0,0.1785,0.1285,0.08,1.533,0.0188,0.1545,43.8,Worn,0
691,8010.7,1233,209.5,1.42,0.31,36.5,13.0,20.38,66.4,33.2,23.9,0.1915,0.1502,0.0534,1.938,0.1551,0.1003,36.6,Good,3
692,8020.0,1099,129.2,1.62,0.28,34.9,11.88,17.3,56.9,29.6,28.0,0.207,0.0747,0.0448,1.263,0.0163,0.0846,47.8,Good,0
693,8033.1,1072,173.3,1.24,0.27,28.7,13.22,18.03,56.4,23.7,29.8,0.2127,0.1358,0.1343,1.396,0.0197,0.1042,48.7,Good,0
694,8045.6,1022,191.4,1.14,0.26,20,12.94,16.04,53.2,23.1,24.5,0.2045,0.048,0.0456,1.955,0.011,0.0965,46.8,Good,0
695,8059.8,1388,177.8,0.98,0.35,33.7,12.43,16.4,60.7,29.0,25.3,0.2361,0.1012,0.0989,1.878,0.0125,0.1207,41.8,Good,0
696,8070.3,990,207.4,1.95,0.25,42.1,12.68,18.37,58.9,28.5,27.6,0.2154,0.1108,0.0434,1.592,0.0231,0.0853,46.3,Good,0
697,8082.1,1426,211.4,1.6,0.36,35.3,15.24,17.19,62.0,25.5,28.8,0.1646,0.1577,0.0982,1.704,0.0163,0.1311,46.9,Good,0
698,8094.2,995,185.6,1.95,0.25,37.4,12.82,19.58,58.6,27.0,24.4,0.3533,0.7205,0.2903,5.138,0.0927,0.1392,44.0,Good,2
699,8102.5,875,185.1,1.01,0.22,36.6,12.17,17.8,67.1,29.7,27.4,0.1967,0.0426,0.0964,1.85,0.0095,0.15,47.2,Good,0
700,8110.5,1407,223.2,1.68,0.35,20,14.48,16.45,59.8,25.3,25.4,0.0723,0.1248,0.0852,1.601,0.0063,0.1001,45.2,Good,0
701,8120.6,1165,192.6,1.93,0.29,47.6,12.68,21.23,58.8,28.7,28.7,0.4918,0.173,0.3302,5.877,0.0952,0.1298,47.1,Good,2
702,8133.5,1259,172.7,1.92,0.32,45.1,13.38,17.33,59.3,27.4,26.3,0.1401,0.1253,0.0606,1.535,0.017,0.147,43.0,Good,0
703,8141.9,1171,252.9,1.25,0.29,41.3,13.59,18.22,56.9,29.9,27.0,0.1785,0.1348,0.0948,1.418,0.0215,0.1609,42.4,Worn,0
704,8152.8,1099,172.0,1.63,0.28,38.4,13.41,17.92,59.2,28.8,26.3,0.2672,0.0821,0.0961,1.531,0.0217,0.1221,41.9,Good,0
705,8164.1,1132,181.8,1.07,0.28,42.3,12.67,19.32,61.0,30.6,26.8,0.1815,0.1869,0.1052,1.349,0.0045,0.0883,40.9,Good,0
706,8173.7,1196,190.5,0.76,0.3,41.7,13.33,19.19,56.1,29.9,29.0,0.2064,0.0389,0.0594,1.515,0.0109,0.1243,39.8,Good,0
707,8182.8,1100,165.6,1.56,0.28,26.6,13.37,16.08,61.6,24.5,27.8,0.2169,0.1031,0.064,1.61,0.0209,0.1308,43.3,Good,0
708,8193.0,1370,168.6,0.89,0.34,45.6,12.76,17.93,60.7,26.2,27.1,0.1098,0.114,0.0898,1.179,0.0121,0.1121,46.0,Good,0
709,8202.9,1156,214.9,1.16,0.29,51.0,12.3,18.74,60.9,25.4,28.4,0.1921,0.0364,0.123,1.459,0.02,0.1455,48.0,Good,0
710,8212.9,1145,153.8,1.16,0.29,33.1,12.13,17.61,64.7,28.6,25.9,0.1448,0.0825,0.0909,1.281,0.0217,0.1319,47.3,Good,0
711,8222.8,1031,164.5,1.83,0.26,43.7,12.77,20.7,56.4,22.1,28.7,0.1451,0.1038,0.0718,2.222,0.0194,0.1234,42.9,Good,0
712,8231.2,819,217.2,1.12,0.21,29.9,11.51,17.75,56.3,26.5,26.5,0.2041,0.0308,0.0821,1.633,0.0164,0.1168,41.8,Good,0
713,8245.4,1181,178.3,1.21,0.3,44.5,12.77,16.67,57.9,29.5,29.1,0.1657,0.1457,0.1092,1.824,0.0125,0.121,38.5,Good,0
714,8254.9,922,130.2,2.05,0.23,42.1,12.16,17.7,59.1,28.7,28.3,0.2088,0.1385,0.0758,1.595,0.019,0.1405,47.7,Good,0
715,8267.1,1121,193.6,1.63,0.28,37.0,12.5,17.29,58.9,29.7,25.4,0.195,0.0728,0.0746,1.297,0.0123,0.1199,46.9,Good,0
716,8279.4,1308,145.2,1.06,0.33,43.9,13.79,17.46,61.5,27.6,28.4,0.1345,0.0934,0.1594,1.271,0.0162,0.1002,44.5,Good,0
717,8289.1,1147,148.9,1.62,0.29,27.5,12.72,16.73,61.7,23.4,32.1,0.1499,0.1233,0.1162,1.745,0.0175,0.1143,40.2,Good,0
718,8301.3,1307,126.1,1.88,0.33,34.0,13.33,19.39,63.6,26.4,27.5,0.2055,0.0949,0.1087,1.47,0.0158,0.1261,42.7,Good,0
719,8311.4,1092,177.2,1.61,0.27,36.4,13.46,19.85,57.1,28.3,30.6,0.2066,0.1795,0.1027,1.156,0.0181,0.1059,44.1,Good,0
720,8325.2,1233,193.9,0.84,0.31,38.2,12.98,17.91,56.4,30.4,27.3,0.2052,0.1275,0.1067,1.43,0.026,0.1239,44.3,Good,0
721,8334.1,1384,136.6,1.21,0.35,32.1,12.68,17.8,61.7,30.2,27.0,0.2027,0.0626,0.0604,1.734,0.011,0.1263,46.1,Good,0
722,8344.9,821,168.0,1.85,0.21,32.4,11.94,16.33,58.2,28.5,25.7,0.1412,0.0975,0.0778,1.258,0.01,0.1011,47.3,Good,0
723,8355.8,1097,200.4,1.39,0.28,39.9,11.95,18.28,55.0,27.5,28.4,0.2157,0.1229,0.0579,1.67,0.0232,0.1476,45.4,Good,0
724,8367.1,897,193.5,1.1,0.23,36.9,12.19,16.82,59.2,26.8,25.2,0.1418,0.0983,0.0559,1.91,0.0182,0.1726,44.2,Worn,0
725,8381.6,1316,154.8,1.34,0.33,39.2,12.92,18.52,60.6,27.6,26.9,0.1065,0.1608,0.0495,1.541,0.0159,0.1373,45.0,Good,0
726,8391.6,1372,191.4,1.81,0.34,41.0,13.67,22.78,63.7,29.8,26.2,0.5297,0.2924,0.3008,5.106,0.0765,0.093,41.0,Good,2
727,8400.6,1257,173.2,1.2,0.32,40.3,12.89,18.28,58.5,26.5,26.6,0.1815,0.1193,0.1443,1.686,0.0125,0.1435,46.4,Good,0
728,8410.5,1145,181.2,0.39,0.29,39.5,12.0,19.53,58.8,29.5,26.6,0.0821,0.0898,0.1006,1.511,0.023,0.148,41.6,Good,0
729,8423.1,980,172.6,1.77,0.25,25.8,11.82,16.52,66.0,26.3,32.1,0.1962,0.1193,0.0447,1.125,0.0177,0.1125,40.7,Good,0
730,8432.9,1286,145.9,1.66,0.32,30.3,13.17,16.98,57.0,27.6,27.7,0.2099,0.1591,0.1,1.571,0.0129,0.1491,43.6,Good,0
731,8443.1,1323,159.4,1.59,0.33,30.8,14.64,14.63,60.7,26.3,25.9,0.204,0.0933,0.0762,1.579,0.0171,0.1228,42.6,Good,0
732,8452.2,1132,205.8,1.64,0.28,36.6,13.79,18.65,55.5,28.1,27.0,0.1918,0.1392,0.1185,1.555,0.0275,0.1287,43.5,Good,0
733,8465.0,1265,155.0,1.4,0.32,34.0,13.79,19.36,58.3,29.0,28.7,0.7134,0.4173,0.1941,4.554,0.1075,0.1421,41.7,Good,2
734,8476.7,1260,158.6,2.0,0.32,39.3,12.91,20.12,61.2,26.4,24.3,0.1974,0.085,0.065,1.938,0.0103,0.1265,43.7,Good,0
735,8489.7,979,211.7,1.61,0.25,58.0,12.86,19.87,58.1,29.7,28.4,0.1915,0.1326,0.0958,1.773,0.0172,0.122,39.2,Good,0
736,8501.7,1169,148.5,1.91,0.29,43.0,13.86,19.02,60.0,28.3,27.7,0.276,0.1353,0.0897,1.545,0.019,0.1523,46.1,Worn,0
737,8513.2,1118,154.7,1.41,0.28,28.2,13.92,15.34,57.6,31.5,27.2,0.2297,0.1083,0.01,1.787,0.0126,0.1407,44.7,Good,0
738,8522.2,1283,165.2,0.7,0.32,22.8,12.16,16.25,57.4,30.3,27.0,0.2065,0.0779,0.0965,1.447,0.0124,0.1557,46.8,Worn,0
739,8534.8,1185,144.6,0.68,0.3,31.8,12.31,15.14,61.1,25.6,26.3,0.1805,0.1079,0.0748,1.656,0.0264,0.1567,46.9,Worn,0
740,8547.2,1244,147.1,2.16,0.31,22.3,12.97,16.03,64.1,29.4,27.3,0.2116,0.1027,0.0864,1.482,0.013,0.1528,47.9,Worn,0
741,8555.5,1356,170.3,1.16,0.34,40.1,13.26,15.49,60.3,28.8,24.3,0.1566,0.1708,0.1754,1.577,0.0132,0.1643,47.2,Worn,0
742,8565.0,1135,159.0,1.72,0.29,38.9,13.85,19.29,61.6,28.4,26.9,0.237,0.1685,0.0877,1.644,0.0201,0.1553,48.6,Worn,0
743,8577.7,919,213.0,1.57,0.23,39.6,12.21,20.47,58.0,28.1,26.9,0.1857,0.1893,0.1099,2.037,0.0166,0.1677,37.5,Worn,0
744,8592.5,1324,201.5,1.99,0.33,44.4,13.96,19.28,57.6,27.0,27.8,0.2556,0.0982,0.1254,1.328,0.0163,0.1342,41.7,Good,0
745,8607.2,1248,87.1,1.69,0.31,41.2,12.78,17.13,62.5,28.0,26.1,0.0889,0.1143,0.0946,1.447,0.0152,0.0999,45.3,Good,0
746,8619.7,1237,130.7,2.65,0.31,45.3,13.13,18.48,58.4,30.1,27.6,0.2268,0.1209,0.1597,1.966,0.0174,0.1346,43.4,Good,0
747,8632.3,953,208.9,2.28,0.24,32.0,12.81,14.68,59.2,27.7,25.2,0.1709,0.1127,0.1034,1.936,0.0202,0.1637,42.1,Worn,0
748,8642.4,1255,157.5,1.58,0.32,32.9,13.46,16.79,62.6,30.2,28.1,0.2182,0.1356,0.088,2.157,0.0136,0.1147,44.3,Good,0
749,8657.3,1089,221.8,2.13,0.27,21.5,13.37,17.47,58.1,28.8,30.5,0.1847,0.152,0.1106,1.205,0.0146,0.0997,40.2,Good,0
750,8669.1,1374,137.6,1.0,0.35,31.8,12.73,18.95,62.2,25.4,28.4,0.178,0.133,0.1565,1.379,0.0229,0.1249,46.8,Good,0
751,8681.2,1334,201.2,1.13,0.34,36.5,13.08,18.53,64.1,24.4,25.3,0.1737,0.1146,0.0993,1.497,0.0164,0.1161,48.3,Good,0
752,8690.4,1489,164.1,0.29,0.37,33.5,13.04,16.48,60.6,28.7,29.9,0.2017,0.1658,0.0729,1.677,0.0183,0.1557,46.8,Worn,0
753,8702.5,1305,166.9,1.5,0.33,50.8,13.44,19.44,62.4,28.9,27.9,0.164,0.1044,0.0824,1.823,0.0224,0.1464,42.7,Good,0
754,8710.8,1448,179.4,1.43,0.36,22.9,12.87,16.52,60.4,29.1,27.8,0.2294,0.1706,0.1034,1.754,0.0125,0.1412,38.1,Good,0
755,8721.1,1013,203.3,1.32,0.25,27.2,11.47,16.39,56.1,30.0,26.3,0.1793,0.1626,0.1184,1.96,0.0238,0.1405,48.4,Good,0
756,8734.9,1198,143.4,1.56,0.3,38.7,13.27,18.81,61.1,27.5,28.3,0.2103,0.1961,0.1311,1.784,0.0081,0.1283,37.3,Good,0
757,8744.8,1040,184.0,1.97,0.26,45.4,12.6,18.89,62.0,28.0,27.9,0.219,0.0832,0.0787,1.366,0.0143,0.1202,46.6,Good,0
758,8753.3,1269,176.2,1.75,0.32,31.4,12.7,18.66,58.1,28.2,27.0,0.223,0.1108,0.0759,2.231,0.0066,0.1343,40.4,Good,0
759,8765.2,1298,180.2,1.77,0.33,39.3,12.85,19.51,59.2,26.8,28.5,0.1055,0.0607,0.0632,1.413,0.0116,0.134,49.2,Good,0
760,8775.7,1210,143.1,1.08,0.3,35.4,14.11,17.51,62.8,28.8,27.0,0.1226,0.0209,0.0749,1.367,0.0164,0.1046,44.1,Good,0
761,8788.9,1213,193.3,1.46,0.3,52.9,13.09,20.79,57.9,29.3,27.8,0.1125,0.0816,0.1106,1.86,0.0158,0.0812,42.3,Good,0
762,8800.2,1185,197.9,1.53,0.3,22.1,12.71,15.84,59.7,28.0,27.0,0.1414,0.0318,0.0908,1.532,0.0194,0.1539,40.4,Worn,0
763,8809.4,1171,95.9,0.97,0.29,29.8,14.09,16.83,70.1,36.0,27.8,0.1707,0.1131,0.0827,2.322,0.1441,0.1465,39.3,Good,3
764,8819.9,1211,129.3,1.72,0.3,27.7,13.24,17.53,65.0,27.3,27.4,0.1907,0.133,0.0624,1.119,0.0166,0.1191,45.3,Good,0
765,8832.8,1319,221.0,1.31,0.33,20,12.91,14.63,61.9,25.6,25.4,0.1917,0.1627,0.1168,1.371,0.0107,0.0915,48.3,Good,0
766,8844.0,1118,217.5,2.14,0.28,28.6,13.05,16.11,56.9,28.5,27.5,0.175,0.0708,0.114,1.48,0.0149,0.1406,41.0,Good,0
767,8854.7,1060,141.7,1.55,0.27,32.6,13.0,16.79,58.9,27.2,26.8,0.1581,0.1172,0.0874,2.116,0.027,0.1515,47.9,Worn,0
768,8868.5,1368,189.5,1.62,0.34,31.3,13.78,17.18,59.6,28.1,24.8,0.1144,0.01,0.0859,1.251,0.0122,0.1419,44.7,Good,0
769,8876.6,1419,187.6,2.22,0.36,37.2,13.89,19.24,67.6,30.9,29.0,0.1333,0.1106,0.1016,1.697,0.0158,0.1517,39.3,Worn,0
770,8888.8,1114,92.1,1.27,0.28,46.0,13.44,18.86,63.0,26.4,26.6,0.0954,0.1105,0.1227,1.339,0.0204,0.1411,48.6,Good,0
771,8898.9,1168,173.9,1.42,0.29,36.6,13.77,17.6,69.9,32.4,28.8,0.1299,0.1124,0.0697,1.828,0.1184,0.1305,43.0,Good,3
772,8907.9,1187,201.4,1.24,0.3,45.6,13.26,18.56,59.0,28.5,29.0,0.2195,0.0798,0.0511,1.876,0.0231,0.1102,40.0,Good,0
773,8916.0,1049,149.9,2.34,0.26,28.2,13.28,17.45,57.9,25.7,26.2,0.2501,0.1218,0.0868,1.698,0.0205,0.138,49.9,Good,0
774,8925.3,1367,168.8,1.94,0.34,30.9,14.03,18.83,62.3,26.8,25.9,0.211,0.1658,0.0665,1.827,0.0152,0.1108,39.3,Good,0
775,8936.1,1261,198.8,0.94,0.32,41.1,14.04,19.94,63.1,28.7,25.5,0.2294,0.1156,0.0595,1.837,0.0125,0.1137,47.6,Good,0
776,8949.4,1229,173.4,1.26,0.31,38.3,12.74,18.26,60.1,26.5,28.4,0.1723,0.1526,0.041,1.379,0.027,0.1274,41.3,Good,0
777,8961.0,1425,154.6,1.45,0.36,27.4,15.03,14.86,61.9,30.8,28.2,0.2541,0.1342,0.1449,1.439,0.0091,0.1137,45.7,Good,0
778,8970.6,1289,169.7,1.54,0.32,27.5,13.52,17.17,61.2,30.2,28.5,0.1012,0.1095,0.0988,1.46,0.0144,0.1433,40.4,Good,0
779,8982.9,1264,218.2,1.32,0.32,31.1,12.34,17.1,52.7,30.4,25.6,0.0958,0.1179,0.0761,1.87,0.0243,0.1404,46.6,Good,0
780,8994.1,1047,179.9,0.74,0.26,29.8,12.23,18.15,62.4,28.8,27.7,0.0869,0.0679,0.091,1.593,0.0182,0.1386,46.9,Good,0
781,9005.4,1166,157.5,1.27,0.29,56.7,13.18,18.76,71.6,34.5,27.5,0.1728,0.1342,0.1162,2.129,0.1049,0.16,46.8,Worn,3
782,9018.8,1157,216.4,1.56,0.29,43.0,13.23,18.4,52.6,26.1,25.5,0.229,0.1395,0.0741,1.564,0.0124,0.0989,46.1,Good,0
783,9027.5,1412,161.3,1.71,0.35,29.8,12.95,16.51,63.6,26.3,28.3,0.1839,0.1081,0.0848,1.518,0.0099,0.1166,42.3,Good,0
784,9036.4,1205,174.4,1.75,0.3,36.4,13.01,18.07,59.3,29.3,28.8,0.1446,0.1798,0.1051,1.665,0.0197,0.1612,45.4,Worn,0
785,9045.9,1312,163.1,1.7,0.33,26.3,13.73,17.92,57.8,31.8,26.6,0.1477,0.2195,0.1091,1.941,0.0117,0.1478,45.8,Good,0
786,9057.8,1318,96.2,1.57,0.33,27.8,13.25,16.68,64.5,27.2,26.3,0.2185,0.1431,0.0879,2.118,0.012,0.1405,43.5,Good,0
787,9071.5,727,175.6,1.37,0.18,33.6,11.7,17.81,55.1,25.9,25.5,0.2289,0.1052,0.0513,1.91,0.0129,0.1312,40.0,Good,0
788,9085.6,1044,132.9,1.08,0.26,24.5,12.7,17.12,63.3,25.5,25.6,0.1544,0.1106,0.067,1.236,0.022,0.137,43.0,Good,0
789,9099.0,1348,154.7,1.71,0.34,20,13.03,16.42,55.3,25.7,28.1,0.1963,0.1167,0.0853,1.582,0.0202,0.1782,44.1,Worn,0
790,9110.9,1321,215.5,1.1,0.33,37.2,12.54,18.18,64.3,26.6,29.6,0.2407,0.0883,0.1192,1.455,0.003,0.1603,42.1,Worn,0
791,9123.5,1174,177.9,1.64,0.3,29.1,12.82,16.17,58.4,31.6,27.7,0.1908,0.0801,0.0931,1.674,0.0285,0.1566,40.5,Worn,0
792,9132.6,1165,168.7,1.0,0.29,31.7,12.3,18.56,62.9,30.5,24.7,0.1953,0.0875,0.0547,1.86,0.0077,0.1226,49.6,Good,0
793,9141.4,1344,136.7,1.32,0.34,37.7,12.74,17.82,58.8,28.0,26.9,0.1503,0.0782,0.0372,1.302,0.0234,0.1092,39.7,Good,0
794,9152.1,1275,179.9,1.89,0.32,34.0,12.42,20.16,61.3,27.5,27.5,0.1678,0.1069,0.082,1.722,0.0212,0.1412,43.2,Good,0
795,9165.3,1345,190.3,1.75,0.34,45.1,14.45,19.06,62.8,30.3,27.2,0.142,0.1315,0.1149,1.955,0.0224,0.1478,48.2,Good,0
796,9176.4,1297,203.5,1.89,0.33,25.9,12.71,18.21,54.2,33.0,24.4,0.0736,0.0829,0.1375,1.441,0.0218,0.124,45.9,Good,0
797,9184.6,1407,162.6,1.41,0.35,56.1,13.61,20.23,59.8,29.7,26.0,0.068,0.1387,0.0702,1.9,0.0216,0.1463,44.5,Good,0
798,9199.6,1389,155.2,1.71,0.35,37.3,13.66,16.59,61.3,29.9,26.7,0.1999,0.1606,0.1192,1.708,0.0208,0.1292,41.5,Good,0
799,9209.7,998,153.5,1.76,0.25,44.2,12.44,18.82,68.0,31.1,27.9,0.2048,0.0849,0.0228,1.977,0.1331,0.1778,43.1,Worn,3
800,9224.0,1190,144.8,0.61,0.3,33.5,12.16,17.03,58.5,28.8,29.3,0.2103,0.116,0.0432,1.936,0.0239,0.1736,43.1,Worn,0
801,9235.5,1176,139.3,1.54,0.3,43.4,12.77,17.86,57.3,29.4,27.3,0.1802,0.0186,0.1421,1.224,0.0197,0.1588,45.0,Worn,0
802,9247.6,1169,148.8,0.96,0.29,20,13.2,15.77,58.0,28.5,25.2,0.2424,0.1207,0.1396,1.643,0.016,0.1104,46.5,Good,0
803,9256.9,1108,160.6,2.17,0.28,56.0,13.82,21.57,56.6,28.5,27.6,0.3908,0.152,0.4375,3.941,0.1269,0.1276,45.5,Good,2
804,9267.2,1067,199.8,1.41,0.27,33.7,12.29,17.5,59.1,30.3,30.5,0.2236,0.1284,0.13,1.303,0.0124,0.1115,44.5,Good,0
805,9280.3,1102,148.0,2.03,0.28,33.3,12.59,17.42,55.8,26.0,24.9,0.1685,0.1629,0.0582,1.319,0.02,0.1321,42.9,Good,0
806,9293.9,1397,155.9,1.15,0.35,37.7,14.5,17.47,60.0,26.8,25.9,0.2043,0.0189,0.1289,2.157,0.0208,0.1592,45.9,Worn,0
807,9308.7,1015,181.2,1.33,0.26,38.0,13.39,17.36,62.6,24.7,27.1,0.1955,0.0723,0.0895,1.139,0.0208,0.1094,43.5,Good,0
808,9321.3,1090,131.5,1.08,0.27,44.1,13.26,17.46,62.2,30.9,27.7,0.2329,0.1946,0.1123,1.442,0.0119,0.1631,48.8,Worn,0
809,9335.2,1189,198.9,1.06,0.3,33.7,13.24,18.94,58.4,27.7,23.1,0.2032,0.047,0.1024,1.683,0.0181,0.1327,50.9,Good,0
810,9347.0,1359,157.3,1.82,0.34,39.9,12.75,18.73,59.7,29.9,26.3,0.2101,0.1152,0.11,1.997,0.0176,0.1395,43.3,Good,0
811,9359.9,1086,214.2,1.43,0.27,31.6,12.75,16.85,56.5,32.7,25.7,0.1717,0.1174,0.0751,1.261,0.0178,0.1721,47.6,Worn,0
812,9372.7,1248,160.9,1.69,0.31,45.6,13.25,17.55,60.4,30.3,27.7,0.1615,0.0693,0.089,1.948,0.0204,0.1638,45.2,Worn,0
813,9386.5,1232,204.9,1.3,0.31,42.8,14.08,19.04,56.8,29.4,25.0,0.1839,0.162,0.0955,1.799,0.0097,0.1338,43.2,Good,0
814,9401.3,1171,237.8,1.31,0.29,24.1,13.69,15.5,62.8,35.9,28.9,0.1626,0.1224,0.0883,2.265,0.0999,0.1802,43.0,Worn,3
815,9412.6,1189,195.7,1.77,0.3,26.9,14.0,17.53,56.8,29.7,27.6,0.1885,0.073,0.0986,1.48,0.0133,0.1539,41.0,Worn,0
816,9423.7,1173,197.3,1.14,0.29,35.3,13.5,19.42,58.5,26.7,29.9,0.1564,0.1036,0.1421,1.927,0.0127,0.1255,49.3,Good,0
817,9438.1,1469,168.9,1.18,0.37,38.1,13.62,18.29,73.2,34.6,32.0,0.2496,0.1801,0.1317,2.242,0.1292,0.1684,40.6,Worn,3
818,9451.7,1239,171.6,1.86,0.31,35.3,13.57,17.19,65.5,26.1,26.7,0.0404,0.0526,0.0548,1.704,0.0188,0.1562,44.4,Worn,0
819,9465.6,1306,178.7,0.96,0.33,38.6,13.21,16.14,59.8,28.9,28.7,0.212,0.2177,0.0364,1.714,0.0197,0.0976,42.5,Good,0
820,9474.8,934,165.1,1.48,0.23,29.8,12.21,17.86,60.3,28.9,27.0,0.1813,0.1512,0.1155,1.731,0.022,0.1557,48.3,Worn,0
821,9486.1,1289,182.7,1.02,0.32,36.7,13.21,17.63,57.3,26.4,25.3,0.1078,0.175,0.1149,1.831,0.0138,0.1623,43.4,Worn,0
822,9498.4,941,176.4,1.29,0.24,27.3,12.0,16.31,59.3,27.3,27.1,0.1673,0.0954,0.1012,1.505,0.0152,0.1642,39.6,Worn,0
823,9512.9,981,115.2,2.38,0.25,30.1,12.04,18.95,53.9,27.6,23.4,0.1435,0.0757,0.076,1.751,0.0107,0.1382,42.3,Good,0
824,9524.7,1208,198.0,1.14,0.3,24.8,12.65,15.63,61.5,26.0,24.4,0.206,0.1011,0.0989,1.963,0.0132,0.1449,41.8,Good,0
825,9539.3,1095,169.9,1.48,0.28,49.6,13.24,19.75,56.9,28.5,28.1,0.1953,0.1257,0.0914,1.306,0.0086,0.1485,50.6,Good,0
826,9550.6,1027,174.1,1.85,0.26,41.0,12.5,19.5,63.5,28.0,26.1,0.1935,0.0812,0.1051,1.539,0.0211,0.1585,38.5,Worn,0
827,9562.4,1344,235.1,1.45,0.34,45.1,13.54,18.72,62.1,27.8,23.9,0.1383,0.1546,0.1071,1.154,0.0089,0.1074,47.5,Good,0
828,9573.2,1465,201.4,1.51,0.37,20,13.29,17.14,55.4,27.1,26.6,0.2668,0.1508,0.1007,1.472,0.0237,0.1463,45.8,Good,0
829,9586.3,1442,144.1,1.73,0.36,35.7,13.98,17.21,64.0,26.1,24.3,0.2042,0.1715,0.091,1.34,0.0151,0.1141,43.9,Good,0
830,9597.2,1099,183.9,1.35,0.28,33.0,13.63,20.32,62.5,27.3,24.9,0.3785,0.4629,0.4503,4.909,0.0879,0.156,45.6,Worn,2
831,9610.4,1262,187.8,1.33,0.32,37.4,12.32,19.42,57.8,29.2,26.5,0.1221,0.0748,0.128,1.764,0.0162,0.1495,45.0,Good,0
832,9621.5,1103,211.7,1.26,0.28,27.5,12.1,17.74,60.9,28.8,24.1,0.1606,0.1044,0.0879,1.396,0.0189,0.1716,44.8,Worn,0
833,9634.1,1285,178.1,1.45,0.32,39.1,13.13,18.26,59.2,27.9,24.1,0.1918,0.0939,0.0699,1.397,0.0258,0.1599,40.8,Worn,0
834,9643.0,1140,147.0,1.68,0.29,35.4,13.36,16.98,61.5,29.2,26.4,0.2974,0.1361,0.1297,1.642,0.015,0.1556,40.9,Worn,0
835,9651.2,1545,175.7,1.17,0.39,38.5,13.86,17.34,53.6,24.4,28.7,0.2156,0.124,0.1071,1.815,0.0162,0.1536,45.9,Worn,0
836,9663.7,1312,164.0,1.44,0.33,50.9,13.05,19.13,61.8,24.7,24.1,0.1315,0.1462,0.1268,1.346,0.017,0.1604,42.1,Worn,0
837,9674.3,1301,164.0,1.9,0.33,38.4,13.94,17.63,60.4,28.8,25.7,0.1578,0.1278,0.0417,0.753,0.0175,0.1151,41.9,Good,0
838,9687.9,1158,179.2,2.37,0.29,37.9,13.04,19.05,62.7,25.7,26.3,0.2084,0.0649,0.0739,1.353,0.0178,0.1532,44.7,Worn,0
839,9696.1,1123,100.3,1.37,0.28,26.4,12.79,16.41,59.9,29.3,25.6,0.1406,0.1138,0.0733,1.715,0.0139,0.1486,49.2,Good,0
840,9705.3,1190,173.6,1.27,0.3,33.0,13.1,17.82,60.0,29.3,27.0,0.1317,0.0486,0.0993,1.508,0.0127,0.1228,46.7,Good,0
841,9719.1,1341,164.4,1.49,0.34,43.6,13.38,18.06,57.1,33.5,28.1,0.1368,0.1441,0.08,1.842,0.0066,0.1178,46.2,Good,0
842,9731.2,1209,126.6,2.01,0.3,38.3,13.05,15.91,65.9,36.9,28.3,0.1845,0.0411,0.0738,1.666,0.0976,0.142,42.3,Good,3
843,9739.2,1202,283.8,2.14,0.3,40.6,14.45,20.41,53.6,25.8,28.7,0.2512,0.1163,0.0781,1.812,0.0159,0.1739,42.9,Worn,0
844,9751.4,1091,129.5,1.12,0.27,41.9,13.12,18.88,60.4,27.9,28.5,0.2002,0.1514,0.11,1.874,0.018,0.1421,48.5,Good,0
845,9766.1,1103,144.7,0.74,0.28,26.2,12.79,15.06,63.2,27.8,26.6,0.4237,0.4544,0.3706,4.976,0.0902,0.1694,41.0,Worn,2
846,9775.3,1243,185.4,1.82,0.31,44.9,12.81,20.57,58.1,28.3,30.0,0.1804,0.0679,0.0385,1.828,0.0298,0.1834,41.1,Worn,0
847,9788.8,1120,185.4,2.33,0.28,49.1,12.98,17.73,59.2,31.2,22.7,0.2753,0.083,0.0845,1.644,0.0302,0.1796,46.1,Worn,0
848,9802.1,905,198.6,1.2,0.23,42.5,12.16,19.3,63.5,28.0,27.6,0.1241,0.1273,0.138,1.571,0.0179,0.1716,47.7,Worn,0
849,9816.0,1154,188.6,1.36,0.29,33.0,12.12,17.84,55.7,24.2,29.0,0.2271,0.1722,0.034,1.546,0.0141,0.1434,48.6,Good,0
850,9828.7,1328,143.8,1.61,0.33,35.7,12.88,17.35,61.0,30.3,25.3,0.1981,0.1493,0.1261,1.901,0.0178,0.1293,41.0,Good,0
851,9840.6,1127,205.3,2.22,0.28,46.5,14.02,21.12,55.0,27.5,25.4,0.1421,0.0949,0.0902,1.301,0.0187,0.1142,46.0,Good,0
852,9852.9,1363,185.3,1.44,0.34,37.7,13.48,18.09,54.9,25.9,28.4,0.2218,0.1534,0.0427,1.747,0.0234,0.1745,42.1,Worn,0
853,9862.4,1019,172.0,0.95,0.26,34.9,12.23,16.1,60.4,25.5,28.3,0.2189,0.1331,0.1025,1.578,0.0262,0.157,49.7,Worn,0
854,9874.5,1210,131.9,1.08,0.3,45.5,12.74,18.51,64.5,29.4,25.9,0.1949,0.1186,0.0889,1.289,0.0155,0.1195,47.5,Good,0
855,9883.2,1060,229.1,1.74,0.27,35.7,12.92,18.16,59.9,28.6,28.5,0.2437,0.1291,0.0811,1.577,0.0197,0.1629,45.0,Worn,0
856,9896.5,871,186.5,1.49,0.22,21.2,11.37,17.92,57.2,29.5,25.3,0.1586,0.1143,0.1109,1.82,0.0137,0.1604,45.4,Worn,0
857,9908.1,1464,178.4,1.8,0.37,25.6,13.37,17.14,58.7,30.0,26.7,0.1404,0.0908,0.1166,1.552,0.0141,0.1743,43.2,Worn,0
858,9918.3,1251,171.8,1.33,0.31,40.3,12.3,19.49,61.7,26.1,27.3,0.164,0.0829,0.0805,1.954,0.0156,0.1386,41.4,Good,0
859,9926.8,1400,201.6,2.2,0.35,40.7,14.55,18.65,59.1,26.5,26.9,0.1682,0.1297,0.0805,1.449,0.0138,0.1168,43.8,Good,0
860,9938.9,1126,159.3,1.82,0.28,42.4,13.88,18.79,54.7,26.0,26.3,0.164,0.1202,0.0957,1.542,0.0099,0.1393,41.7,Good,0
861,9947.0,1233,155.0,1.16,0.31,38.5,12.54,17.38,61.9,28.7,23.5,0.206,0.1238,0.108,1.426,0.0184,0.1512,41.9,Worn,0
862,9960.6,1387,143.1,1.66,0.35,31.0,15.02,18.82,61.5,27.0,24.2,0.6901,0.4961,0.3548,5.607,0.0662,0.1236,46.0,Good,2
863,9975.4,1247,149.7,1.95,0.31,26.6,13.47,17.54,64.2,29.6,28.1,0.2383,0.1118,0.1257,1.634,0.0147,0.1309,42.9,Good,0
864,9987.0,1160,186.8,1.57,0.29,20,11.01,17.7,64.0,29.3,29.4,0.2306,0.1045,0.0911,1.748,0.0149,0.1736,44.0,Worn,0
865,10000.6,746,212.0,1.24,0.19,38.4,11.52,17.45,57.6,28.1,24.7,0.1864,0.1565,0.0649,2.102,0.0199,0.17,42.9,Worn,0
866,10013.9,1382,191.3,2.06,0.35,33.1,14.34,17.88,57.0,29.4,25.7,0.1819,0.0221,0.1331,1.766,0.0216,0.1407,45.3,Good,0
867,10024.9,1151,207.0,1.29,0.29,29.1,12.64,16.96,56.4,28.3,24.3,0.1683,0.0104,0.0727,1.81,0.0207,0.1596,40.5,Worn,0
868,10038.6,1339,196.4,1.6,0.34,21.6,13.38,17.38,57.5,27.1,27.8,0.2309,0.14,0.0802,1.866,0.0164,0.1525,39.9,Worn,0
869,10047.0,1317,146.4,1.27,0.33,38.9,13.08,18.26,73.0,32.9,27.0,0.1543,0.0997,0.1257,1.869,0.0787,0.1692,39.4,Worn,3
870,10055.1,1388,133.4,1.65,0.35,22.2,14.81,16.62,58.2,28.7,28.4,0.2881,0.0702,0.0877,1.525,0.0136,0.1205,46.9,Good,0
871,10068.9,1246,216.0,1.4,0.31,37.3,13.26,18.22,54.6,27.3,25.7,0.1567,0.1072,0.0559,1.518,0.0246,0.1411,45.0,Good,0
872,10081.5,1372,145.2,1.67,0.34,25.2,12.94,19.45,64.0,27.0,29.4,0.2184,0.1539,0.085,1.736,0.0222,0.1287,47.1,Good,0
873,10090.5,1171,185.7,2.05,0.29,41.9,14.54,19.41,55.9,27.0,26.3,0.1859,0.1716,0.1552,1.336,0.0151,0.1255,48.7,Good,0
874,10105.4,1105,150.2,0.93,0.28,44.3,12.61,16.09,56.2,28.5,27.9,0.1835,0.1137,0.0979,1.619,0.0173,0.177,50.8,Worn,0
875,10113.5,1147,152.3,1.32,0.29,36.6,12.45,16.56,59.9,28.8,27.1,0.1664,0.1571,0.0972,1.56,0.0102,0.1731,42.1,Worn,0
876,10127.9,1218,217.9,2.02,0.31,30.0,13.73,18.12,62.0,33.2,26.0,0.1435,0.1947,0.0419,1.702,0.0888,0.1478,41.1,Good,3
877,10141.4,1297,184.3,1.51,0.33,33.5,12.01,18.86,59.0,27.3,27.3,0.2558,0.1275,0.016,1.472,0.023,0.1637,47.5,Worn,0
878,10154.1,1142,186.2,2.08,0.29,35.9,11.52,18.25,62.0,28.9,24.7,0.2357,0.1526,0.1255,1.598,0.0269,0.168,42.5,Worn,0
879,10167.5,1021,187.0,2.19,0.26,36.3,13.37,16.95,57.4,29.5,29.3,0.1933,0.0722,0.0529,1.401,0.0217,0.155,43.3,Worn,0
880,10179.2,1150,168.7,0.9,0.29,32.8,12.42,16.17,72.0,30.1,25.2,0.2465,0.1279,0.1403,1.395,0.1303,0.1317,49.0,Good,3
881,10188.1,1387,145.4,1.01,0.35,47.1,13.69,18.27,60.4,32.0,25.5,0.1614,0.1361,0.1199,1.368,0.0305,0.1362,45.4,Good,0
882,10198.4,1052,249.3,1.07,0.26,37.2,11.83,19.47,61.8,29.3,24.8,0.167,0.1738,0.0305,1.279,0.0103,0.146,40.2,Good,0
883,10209.5,1237,194.8,1.84,0.31,32.5,13.03,17.63,57.6,30.5,29.7,0.1562,0.1474,0.0333,1.464,0.0201,0.1357,44.4,Good,0
884,10219.7,1214,164.7,1.62,0.31,31.3,13.22,18.19,61.0,31.8,25.1,0.0764,0.1726,0.07,1.498,0.0264,0.1652,44.9,Worn,0
885,10228.7,1297,152.4,1.6,0.33,39.3,13.43,15.56,59.3,28.5,25.8,0.1502,0.0611,0.091,1.532,0.0191,0.1381,45.6,Good,0
886,10239.6,931,224.8,2.13,0.23,28.5,12.7,19.9,58.3,23.2,24.6,0.3707,0.2475,0.3531,5.656,0.0514,0.1389,43.0,Good,2
887,10253.3,1282,189.9,2.22,0.32,43.0,13.92,19.01,60.9,29.9,27.9,0.1766,0.1263,0.1123,1.484,0.0239,0.1545,43.6,Worn,0
888,10266.2,1264,179.0,0.8,0.32,34.6,13.56,15.98,60.9,24.4,25.2,0.1574,0.1311,0.0867,1.532,0.021,0.1387,51.5,Good,0
889,10279.6,992,205.2,2.19,0.25,31.4,12.43,19.19,56.2,29.4,27.7,0.2247,0.1305,0.0518,1.621,0.018,0.1444,42.5,Good,0
890,10289.2,1269,210.8,1.19,0.32,55.4,13.03,20.21,58.8,26.0,26.6,0.171,0.1697,0.1208,1.292,0.0209,0.1624,45.1,Worn,0
891,10298.5,767,153.1,2.34,0.19,34.6,12.48,19.43,55.5,25.3,24.2,0.1574,0.1321,0.1159,1.607,0.0174,0.1772,45.3,Worn,0
892,10309.6,1087,188.3,1.86,0.27,37.3,13.24,18.78,55.8,26.3,26.5,0.1823,0.101,0.0435,1.468,0.018,0.1423,44.2,Good,0
893,10322.7,1098,144.9,1.64,0.28,32.7,13.76,18.13,59.7,26.7,31.6,0.1731,0.1079,0.0847,1.75,0.0303,0.1641,42.6,Worn,0
894,10330.9,1170,151.7,1.57,0.29,49.7,13.14,19.68,62.1,26.6,30.3,0.0872,0.0874,0.1064,1.593,0.0213,0.1845,45.3,Worn,0
895,10341.8,1329,117.9,1.67,0.33,36.8,13.34,17.16,58.2,26.1,24.9,0.2199,0.1265,0.1236,2.079,0.0253,0.1635,43.4,Worn,0
896,10355.2,1118,124.5,1.01,0.28,37.3,12.71,17.23,58.4,30.0,27.1,0.2473,0.1052,0.1407,1.59,0.0228,0.1851,43.7,Worn,0
897,10363.3,1127,143.3,1.87,0.28,35.1,12.02,18.75,61.0,24.9,23.9,0.3266,0.0863,0.0685,1.588,0.0171,0.1947,48.3,Worn,0
898,10377.5,1337,172.9,1.52,0.34,29.0,13.5,18.31,59.5,25.5,25.7,0.1376,0.1453,0.138,1.847,0.0185,0.1388,41.1,Good,0
899,10385.9,972,166.2,1.38,0.24,35.3,11.46,18.97,57.7,26.5,26.3,0.0678,0.0699,0.0749,1.481,0.0142,0.1522,45.7,Worn,0
900,10393.9,1054,181.7,1.64,0.26,31.2,12.81,16.83,60.8,29.0,26.2,0.2289,0.1506,0.0943,1.807,0.0206,0.1507,45.1,Worn,0
901,10403.3,1421,164.7,1.92,0.36,46.4,14.03,19.74,58.8,27.2,25.3,0.265,0.1224,0.0258,2.091,0.0186,0.1435,42.4,Good,0
902,10414.8,1204,197.2,1.64,0.3,33.0,13.98,19.89,58.0,24.8,27.9,0.2437,0.1187,0.1227,1.75,0.0158,0.1467,43.7,Good,0
903,10428.8,1241,170.1,1.05,0.31,29.1,14.48,19.79,56.4,28.8,26.3,0.4847,0.5437,0.4182,5.224,0.0818,0.1471,45.7,Good,2
904,10440.1,1399,186.2,1.93,0.35,35.1,13.7,15.68,63.7,30.9,29.1,0.1753,0.0958,0.0504,1.845,0.0157,0.1735,49.7,Worn,0
905,10453.6,874,170.8,1.4,0.22,23.0,12.47,15.97,58.1,26.5,26.1,0.1798,0.0588,0.044,1.509,0.0181,0.1387,44.8,Good,0
906,10462.2,1158,176.9,2.69,0.29,42.8,13.22,18.11,58.8,30.2,26.2,0.0868,0.0778,0.098,1.807,0.0148,0.1505,41.9,Worn,0
907,10477.0,1181,189.2,1.9,0.3,40.4,12.94,17.14,58.8,28.8,25.8,0.1648,0.1002,0.0897,2.09,0.0122,0.175,46.9,Worn,0
908,10488.4,1181,200.3,1.95,0.3,44.8,13.9,19.1,60.1,30.0,29.0,0.1935,0.1209,0.0925,1.629,0.0131,0.1492,45.1,Good,0
909,10502.9,1165,160.1,1.93,0.29,44.3,14.16,20.35,61.0,28.6,27.6,0.1721,0.1307,0.0896,1.566,0.0163,0.1199,45.7,Good,0
910,10515.7,1262,155.4,1.58,0.32,29.4,13.63,17.23,60.9,29.2,27.2,0.1377,0.096,0.1239,1.465,0.0236,0.1695,41.4,Worn,0
911,10528.9,1056,185.5,0.88,0.27,25.0,11.81,17.33,55.1,28.3,26.3,0.1574,0.1355,0.0408,2.081,0.0197,0.1772,42.3,Worn,0
912,10538.3,1327,203.5,1.12,0.33,34.9,12.91,17.72,54.0,25.7,29.1,0.199,0.1128,0.0601,1.54,0.0217,0.1415,43.8,Good,0
913,10548.9,1160,203.3,1.53,0.29,28.9,12.13,17.55,61.6,27.8,27.1,0.1507,0.0889,0.0749,1.419,0.0147,0.1476,44.6,Good,0
914,10558.0,1406,226.4,1.75,0.35,39.5,13.33,17.77,56.8,27.9,28.1,0.1381,0.0497,0.041,1.844,0.0206,0.1682,38.8,Worn,0
915,10569.8,761,183.9,2.03,0.19,31.6,12.94,18.81,60.1,27.4,25.6,0.1938,0.1547,0.0911,1.095,0.0144,0.157,45.8,Worn,0
916,10584.5,1563,175.1,1.75,0.39,34.2,14.63,18.42,56.2,28.0,27.8,0.2291,0.053,0.0599,1.731,0.0176,0.1555,43.7,Worn,0
917,10595.2,1172,151.7,0.87,0.29,37.7,12.97,18.83,56.4,27.6,30.4,0.2379,0.087,0.1168,1.586,0.0128,0.1826,43.7,Worn,0
918,10604.8,1083,204.6,1.75,0.27,28.8,12.9,17.31,60.5,26.9,28.6,0.0734,0.1007,0.0287,1.614,0.0224,0.1849,41.6,Worn,0
919,10619.4,1311,167.2,1.81,0.33,38.8,13.27,18.48,58.7,28.9,25.8,0.0454,0.1526,0.1088,1.351,0.0136,0.1624,46.5,Worn,0
920,10632.4,1318,178.1,0.8,0.33,47.3,13.02,20.46,56.0,28.7,25.5,0.1625,0.1514,0.088,2.485,0.014,0.1452,43.1,Good,0
921,10644.4,1248,230.5,1.65,0.31,55.2,14.44,21.17,53.9,28.6,27.8,0.1373,0.1572,0.1483,1.635,0.0265,0.1594,48.1,Worn,0
922,10654.3,1279,203.7,1.82,0.32,33.8,14.56,17.03,56.5,30.2,27.7,0.1614,0.1013,0.057,1.573,0.0183,0.1781,40.1,Worn,0
923,10662.5,937,170.3,2.03,0.24,24.5,12.68,17.25,61.9,31.4,29.8,0.1706,0.1102,0.0939,1.962,0.0147,0.1651,39.7,Worn,0
924,10676.2,1336,115.9,2.35,0.34,42.1,14.34,19.06,66.9,35.2,28.2,0.1487,0.1734,0.1043,2.121,0.137,0.142,43.5,Good,3
925,10684.4,1076,254.6,1.43,0.27,31.2,13.6,18.42,58.2,28.9,29.6,0.1628,0.1386,0.093,1.566,0.0331,0.1913,42.9,Worn,0
926,10697.5,1122,168.6,1.38,0.28,20,13.64,15.67,57.7,28.1,28.2,0.1253,0.0671,0.0465,1.473,0.012,0.1658,46.0,Worn,0
927,10706.8,997,174.3,1.88,0.25,35.1,12.17,18.0,62.1,22.7,26.8,0.1585,0.1233,0.1681,1.658,0.0173,0.1317,46.4,Good,0
928,10715.1,1279,217.9,1.55,0.32,31.1,13.67,17.88,61.3,25.0,23.1,0.2152,0.1165,0.1339,1.646,0.0223,0.1505,43.1,Worn,0
929,10727.5,1227,191.9,1.87,0.31,25.8,12.38,16.18,60.3,28.0,25.9,0.2131,0.2225,0.0996,1.498,0.0242,0.1741,49.0,Worn,0
930,10736.6,1522,160.1,0.93,0.38,34.4,13.71,15.73,59.2,26.5,24.4,0.2,0.1007,0.1195,1.481,0.028,0.163,43.5,Worn,0
931,10747.2,1290,142.5,1.78,0.32,34.8,12.76,17.62,59.1,26.5,25.0,0.1698,0.1801,0.0759,1.171,0.0184,0.1389,44.1,Good,0
932,10756.9,1070,182.4,2.11,0.27,20,12.78,16.08,69.3,37.3,28.2,0.1614,0.0953,0.106,1.368,0.1087,0.167,41.4,Worn,3
933,10767.5,1424,198.8,1.53,0.36,32.7,13.23,16.18,62.8,30.3,28.1,0.2199,0.102,0.085,1.952,0.015,0.1523,44.4,Worn,0
934,10782.0,1401,206.0,1.27,0.35,32.0,13.53,17.98,62.3,26.9,27.5,0.2495,0.1252,0.0822,1.941,0.0175,0.1524,43.1,Worn,0
935,10795.1,1309,193.8,1.99,0.33,31.2,13.36,16.59,62.4,26.6,26.8,0.2096,0.16,0.0778,1.426,0.0111,0.1637,44.5,Worn,0
936,10807.3,1210,164.2,1.15,0.3,25.2,12.7,15.52,59.1,30.5,23.1,0.2508,0.0979,0.1276,1.952,0.0151,0.2134,42.3,Worn,0
937,10817.5,1249,188.7,1.54,0.31,27.9,12.86,17.29,60.6,28.5,27.5,0.2272,0.0622,0.0609,2.322,0.0171,0.1825,44.9,Worn,0
938,10832.4,1047,167.2,1.9,0.26,30.7,13.02,16.82,56.4,25.9,28.5,0.0855,0.0699,0.0997,1.679,0.0148,0.1637,43.5,Worn,0
939,10846.1,1096,198.2,1.46,0.28,33.0,12.06,19.22,60.5,30.5,26.6,0.0845,0.0514,0.0765,1.652,0.0166,0.1674,44.9,Worn,0
940,10858.6,1152,166.8,1.41,0.29,29.6,13.32,17.31,61.1,26.8,27.7,0.1345,0.2326,0.115,2.089,0.0206,0.1728,41.2,Worn,0
941,10873.0,1061,153.6,1.17,0.27,31.9,12.98,16.85,65.7,30.9,25.5,0.1664,0.1489,0.1473,1.938,0.0151,0.129,46.7,Good,0
942,10885.3,927,222.0,0.93,0.23,27.9,12.07,18.53,54.5,27.8,29.4,0.1472,0.0677,0.0744,2.089,0.0149,0.1662,43.7,Worn,0
943,10893.6,1126,207.6,1.14,0.28,29.4,11.91,17.67,57.7,28.0,27.9,0.2858,0.1242,0.0758,1.563,0.0218,0.2196,44.5,Worn,0
944,10906.4,1328,202.7,1.84,0.33,36.9,13.03,16.93,61.0,28.7,26.2,0.1805,0.1318,0.0844,1.575,0.0203,0.1845,47.8,Worn,0
945,10916.6,1277,172.7,1.1,0.32,28.4,13.28,16.66,56.8,30.5,23.9,0.1139,0.1103,0.1045,1.586,0.0201,0.1701,48.1,Worn,0
946,10929.0,1406,114.6,1.1,0.35,32.1,14.05,16.45,62.8,27.1,28.8,0.2106,0.1344,0.0621,1.212,0.0187,0.181,43.8,Worn,0
947,10943.2,1172,198.3,1.61,0.29,30.9,13.07,16.26,62.1,29.4,27.2,0.1173,0.136,0.0439,1.563,0.015,0.1604,44.2,Worn,0
948,10956.8,979,213.8,1.55,0.25,33.2,11.92,17.49,63.8,29.1,26.7,0.1873,0.1037,0.0719,1.021,0.0242,0.1811,41.6,Worn,0
949,10971.0,1308,189.2,1.84,0.33,34.7,12.25,18.86,64.9,26.7,26.0,0.1555,0.136,0.0905,1.636,0.0246,0.1697,39.6,Worn,0
950,10984.3,1206,160.0,2.36,0.3,54.0,14.68,20.3,65.8,28.2,28.4,0.1787,0.165,0.132,1.539,0.0052,0.1557,46.1,Worn,0
951,10997.0,1051,194.5,1.55,0.26,34.5,12.1,18.06,58.6,27.7,28.9,0.2918,0.1529,0.1001,1.61,0.0187,0.1731,46.4,Worn,0
952,11009.0,1234,125.2,1.55,0.31,36.7,13.42,19.49,66.2,35.3,23.7,0.1879,0.1164,0.0728,2.465,0.0878,0.1606,44.8,Worn,3
953,11018.2,1236,156.1,1.6,0.31,33.1,12.73,17.44,58.6,30.5,25.6,0.1641,0.0872,0.0891,1.37,0.0231,0.1792,46.0,Worn,0
954,11031.7,959,144.7,1.61,0.24,33.8,13.11,16.72,56.9,28.5,26.5,0.2178,0.1648,0.1029,1.894,0.0218,0.1509,40.4,Worn,0
955,11044.5,1010,213.4,1.44,0.25,41.0,12.04,18.58,57.9,28.4,28.0,0.1933,0.1264,0.0134,1.584,0.0129,0.1342,42.4,Good,0
956,11052.8,1060,99.4,0.81,0.27,30.3,12.84,16.98,56.6,26.8,23.6,0.2415,0.0978,0.066,1.621,0.0271,0.1668,47.6,Worn,0
957,11065.1,1198,208.1,0.97,0.3,27.5,11.95,16.89,57.5,26.8,26.6,0.2777,0.1306,0.0987,1.653,0.0287,0.175,45.7,Worn,0
958,11074.4,1102,138.8,1.44,0.28,51.4,12.9,19.89,67.1,27.4,29.1,0.188,0.1156,0.0537,2.014,0.0227,0.1302,43.8,Good,0
959,11085.9,1082,167.0,1.49,0.27,36.6,12.68,16.19,55.4,29.1,29.8,0.1101,0.1211,0.1148,2.192,0.0147,0.1876,43.0,Worn,0
960,11098.4,1292,250.5,1.21,0.32,31.0,12.83,17.34,61.5,24.4,29.0,0.1678,0.1336,0.0959,1.867,0.0193,0.1692,42.9,Worn,0
961,11111.0,892,149.7,1.69,0.22,40.3,12.59,17.38,63.2,27.4,25.1,0.1287,0.1375,0.0868,2.073,0.021,0.2089,43.3,Worn,0
962,11121.8,1311,137.4,0.99,0.33,20,12.95,15.17,59.8,28.3,27.9,0.1324,0.0642,0.1132,1.825,0.0122,0.1869,45.3,Worn,0
963,11133.6,1339,142.3,1.91,0.34,47.3,13.19,18.41,64.6,30.3,24.9,0.082,0.1007,0.0542,2.051,0.0211,0.2021,43.9,Worn,0
964,11148.5,1194,183.7,1.52,0.3,31.2,13.95,19.1,59.7,28.3,25.8,0.98,0.2841,0.1653,5.904,0.0763,0.1567,44.3,Worn,2
965,11159.9,1290,148.3,1.66,0.32,20,12.94,15.54,60.8,27.6,28.2,0.1191,0.0795,0.0746,1.52,0.0183,0.1582,44.9,Worn,0
966,11168.4,1252,203.4,1.8,0.31,37.6,11.95,19.41,58.1,30.6,23.9,0.2641,0.1627,0.0371,1.451,0.0162,0.1501,46.0,Worn,0
967,11179.2,882,127.8,1.39,0.22,47.1,12.11,19.17,56.3,31.0,27.4,0.1816,0.1223,0.1604,1.821,0.0173,0.1788,44.8,Worn,0
968,11192.5,1105,175.2,0.85,0.28,44.9,13.34,18.47,64.1,30.3,26.0,0.2074,0.1554,0.0968,1.801,0.0201,0.1975,43.1,Worn,0
969,11205.9,1206,169.3,1.03,0.3,38.0,12.62,15.7,57.7,29.7,25.4,0.2385,0.0827,0.105,1.799,0.0187,0.1355,42.6,Good,0
970,11219.6,992,207.3,0.93,0.25,34.6,11.82,16.86,59.6,23.1,25.3,0.2843,0.1879,0.1063,1.393,0.0207,0.2078,49.1,Worn,0
971,11233.1,1232,200.4,1.36,0.31,32.7,13.97,17.5,58.9,24.9,27.5,0.1906,0.0252,0.1635,1.565,0.0205,0.1467,45.0,Good,0
972,11244.5,1036,208.6,1.0,0.26,40.3,12.97,19.57,57.2,28.4,24.2,0.4443,0.4512,0.2166,5.769,0.0711,0.1518,46.0,Worn,2
973,11256.0,1505,230.9,0.82,0.38,42.6,14.58,20.37,60.7,29.2,28.6,0.096,0.1928,0.0662,1.419,0.021,0.1546,46.0,Worn,0
974,11265.2,1334,151.4,1.79,0.34,38.9,14.06,16.81,57.7,27.8,26.8,0.1405,0.1315,0.129,2.066,0.0212,0.1781,49.1,Worn,0
975,11273.4,1181,213.8,1.54,0.3,26.8,12.46,15.99,58.3,26.6,26.0,0.1636,0.0923,0.0651,1.081,0.0114,0.1129,46.9,Good,0
976,11285.4,1151,186.6,0.78,0.29,34.2,13.25,18.16,58.7,25.9,28.6,0.1885,0.1023,0.052,1.29,0.0178,0.1831,48.2,Worn,0
977,11297.1,1188,206.0,1.56,0.3,30.3,13.99,18.06,59.6,29.4,28.7,0.147,0.14,0.0814,1.294,0.0219,0.1477,43.5,Good,0
978,11311.0,1280,213.5,1.49,0.32,44.7,14.21,20.03,61.0,26.8,24.8,0.1855,0.1736,0.034,1.705,0.0213,0.1711,45.4,Worn,0
979,11324.2,1309,197.1,1.79,0.33,34.4,13.61,17.23,55.9,28.1,25.0,0.0956,0.0758,0.0545,2.315,0.0234,0.2012,42.4,Worn,0
980,11332.3,1338,174.4,1.36,0.34,44.9,11.99,17.38,62.0,25.7,27.0,0.1782,0.1122,0.115,1.556,0.0272,0.1727,46.8,Worn,0
981,11343.2,1175,173.8,2.01,0.3,43.7,13.02,19.28,59.4,27.5,26.7,0.1064,0.126,0.1268,1.831,0.0204,0.1338,42.8,Good,0
982,11357.7,1261,153.6,1.46,0.32,37.1,12.83,16.81,60.4,26.9,27.6,0.2093,0.1105,0.0691,2.118,0.0156,0.1935,43.1,Worn,0
983,11367.3,1055,146.9,1.41,0.27,35.7,12.1,16.34,56.9,27.6,27.8,0.1963,0.094,0.0905,1.649,0.0157,0.149,44.5,Good,0
984,11381.1,1321,175.3,1.46,0.33,29.4,12.74,15.76,54.2,28.7,26.7,0.1684,0.0757,0.128,2.179,0.0193,0.1909,42.7,Worn,0
985,11393.5,1115,184.0,1.57,0.28,25.2,12.04,17.41,63.0,27.0,29.8,0.1351,0.172,0.0783,1.62,0.015,0.1578,47.1,Worn,0
986,11408.3,1133,205.4,1.63,0.28,36.5,13.55,17.66,68.4,30.7,27.6,0.1498,0.0913,0.1104,1.884,0.1152,0.169,46.9,Worn,3
987,11420.0,1190,131.3,2.04,0.3,44.1,13.15,17.96,66.0,28.5,28.7,0.1183,0.1236,0.0927,1.72,0.0147,0.1543,45.7,Worn,0
988,11429.6,1429,206.3,1.39,0.36,29.5,13.8,16.69,60.3,28.6,26.6,0.1957,0.076,0.0859,1.195,0.0228,0.1451,44.1,Good,0
989,11443.4,1080,190.4,1.73,0.27,36.9,12.37,16.28,59.9,27.1,26.9,0.1581,0.1125,0.0595,1.743,0.0251,0.1568,45.8,Worn,0
990,11453.4,1320,154.3,1.46,0.33,26.4,13.51,16.85,63.2,25.8,25.6,0.2339,0.0837,0.0175,1.796,0.0222,0.1644,47.8,Worn,0
991,11463.8,1048,155.1,1.65,0.26,23.2,12.19,16.62,66.1,27.7,25.8,0.1623,0.0722,0.0593,1.976,0.0142,0.192,46.7,Worn,0
992,11478.1,1260,202.0,1.34,0.32,53.6,12.51,18.71,58.4,24.2,25.5,0.227,0.0449,0.0676,1.521,0.0149,0.1762,48.7,Worn,0
993,11488.6,841,171.0,1.46,0.21,20,10.99,17.64,54.9,30.0,23.9,0.161,0.1675,0.0481,1.797,0.0184,0.1842,39.6,Worn,0
994,11499.7,1222,182.5,1.25,0.31,44.3,12.08,18.83,63.3,29.7,25.3,0.1328,0.1508,0.1319,2.292,0.0201,0.158,46.7,Worn,0
995,11512.2,1244,214.3,1.51,0.31,20,13.08,16.12,66.6,24.3,25.1,0.2681,0.1301,0.0567,1.808,0.0128,0.1802,39.6,Worn,0
996,11526.1,940,154.4,1.72,0.24,27.5,11.92,17.16,64.0,31.2,29.0,0.1571,0.1637,0.0903,1.559,0.0238,0.1571,39.2,Worn,0
997,11537.4,1198,128.7,1.37,0.3,30.4,13.74,19.27,60.3,24.2,26.2,0.2227,0.1167,0.0742,1.673,0.019,0.1724,42.4,Worn,0
998,11546.2,1193,171.3,1.96,0.3,38.6,13.39,18.82,58.0,27.7,25.7,0.2215,0.1356,0.0728,1.377,0.0238,0.191,39.7,Worn,0
999,11557.7,1090,201.0,1.64,0.27,33.3,13.19,16.62,56.2,26.2,25.2,0.3154,0.1031,0.1073,1.42,0.0192,0.1659,41.7,Worn,0
1000,11568.2,1358,171.0,1.51,0.34,46.6,14.15,19.12,59.5,27.5,28.9,0.1736,0.1094,0.1138,1.44,0.0217,0.1986,47.5,Worn,0
1001,11577.9,1035,182.9,1.81,0.26,27.1,12.72,16.45,66.8,34.0,27.8,0.1656,0.0804,0.1038,2.041,0.1415,0.145,44.4,Good,3
1002,11592.9,845,197.4,1.32,0.21,30.9,13.5,17.6,58.2,26.8,24.8,0.2723,0.2042,0.1066,1.516,0.0156,0.1392,44.1,Good,0
1003,11603.9,892,212.8,1.31,0.22,34.8,11.67,18.47,52.0,25.7,25.8,0.2362,0.133,0.0868,1.386,0.0119,0.1553,49.2,Worn,0
1004,11618.3,1334,147.6,1.49,0.34,34.4,13.01,17.25,63.0,28.9,26.8,0.1548,0.0473,0.094,2.023,0.0152,0.1865,41.0,Worn,0
1005,11632.5,1315,206.3,0.7,0.33,39.8,13.02,18.07,54.5,29.5,23.9,0.1813,0.1094,0.083,1.97,0.0302,0.2277,47.2,Worn,0
1006,11644.1,1146,178.4,1.0,0.29,35.4,13.3,17.54,56.3,28.4,26.2,0.1662,0.0666,0.0795,1.779,0.0177,0.1448,43.0,Good,0
1007,11658.7,1298,232.5,2.24,0.33,20,13.64,16.87,64.6,29.9,30.5,0.2342,0.0861,0.0855,1.861,0.0197,0.1801,41.8,Worn,0
1008,11669.9,1452,182.3,1.62,0.37,36.1,13.73,16.68,64.6,29.5,24.6,0.2334,0.1368,0.0798,1.339,0.0155,0.165,43.4,Worn,0
1009,11682.4,1354,219.4,1.07,0.34,32.6,13.19,16.94,59.5,28.4,27.7,0.1379,0.1208,0.1053,1.433,0.0274,0.1486,46.1,Good,0
1010,11692.2,1367,152.5,1.59,0.34,43.1,14.78,19.9,58.5,26.9,27.2,0.4126,0.5474,0.4332,5.942,0.0643,0.2058,51.1,Worn,2
1011,11701.3,1397,188.8,1.55,0.35,29.2,15.03,17.09,60.4,25.3,27.6,0.202,0.1234,0.0911,1.618,0.0238,0.193,47.5,Worn,0
1012,11714.9,1234,178.5,0.96,0.31,37.7,13.85,18.5,59.2,30.3,27.6,0.8211,0.2845,0.2477,5.713,0.0851,0.2052,45.0,Worn,2
1013,11723.1,1258,156.6,2.11,0.32,28.5,14.35,18.26,59.3,29.5,27.1,0.1805,0.1333,0.1455,1.284,0.0233,0.1756,43.8,Worn,0
1014,11736.4,1129,230.8,1.71,0.28,32.1,14.32,19.72,57.9,27.5,22.3,0.6016,0.2361,0.2487,5.91,0.0859,0.1951,50.0,Worn,2
1015,11750.0,1107,183.0,1.3,0.28,31.3,12.34,18.23,61.0,29.3,24.1,0.3113,0.136,0.1386,2.094,0.0245,0.1892,50.1,Worn,0
1016,11763.8,1082,208.9,1.58,0.27,36.4,12.43,19.63,62.3,26.0,26.5,0.1819,0.0872,0.0609,1.996,0.0089,0.1982,42.5,Worn,0
1017,11774.7,1043,184.2,2.31,0.26,20,12.37,16.5,62.5,31.3,27.5,0.1122,0.1421,0.1714,1.603,0.0236,0.173,43.3,Worn,0
1018,11783.4,1322,185.1,1.62,0.33,31.5,12.04,17.72,53.2,28.8,29.6,0.1768,0.0992,0.0987,1.746,0.0197,0.1725,47.0,Worn,0
1019,11793.0,1027,171.0,1.38,0.26,54.1,12.93,20.07,63.5,28.7,27.0,0.2213,0.1771,0.0192,1.804,0.0161,0.1895,45.1,Worn,0
1020,11802.1,1522,185.9,1.77,0.38,35.1,15.33,19.44,58.1,28.1,28.0,0.8408,0.4251,0.151,5.278,0.0801,0.1798,42.3,Worn,2
1021,11817.1,1255,190.4,1.53,0.32,33.3,12.41,18.37,62.7,31.0,25.7,0.1264,0.0957,0.0971,1.712,0.0144,0.2159,40.3,Worn,0
1022,11830.2,1090,159.9,0.87,0.27,31.6,11.87,16.11,59.7,28.0,27.6,0.261,0.0851,0.1256,2.394,0.0222,0.16,43.7,Worn,0
1023,11843.0,1200,195.1,2.12,0.3,43.7,14.19,18.09,58.8,27.9,29.4,0.1874,0.0175,0.0608,1.73,0.0163,0.1868,52.2,Worn,0
1024,11852.4,1182,238.1,1.88,0.3,35.6,14.84,18.18,66.3,31.3,25.5,0.2147,0.0878,0.0959,1.998,0.0887,0.1724,45.3,Worn,3
1025,11860.8,1400,227.2,1.37,0.35,20.7,13.04,15.22,60.3,28.6,21.8,0.2422,0.1879,0.1134,1.418,0.025,0.1725,47.3,Worn,0
1026,11872.3,1306,190.0,1.4,0.33,38.9,14.73,18.68,70.0,29.7,27.2,0.192,0.135,0.0999,2.303,0.0146,0.1856,37.4,Worn,0
1027,11884.1,1107,212.9,1.13,0.28,20,12.57,16.65,58.5,30.2,27.4,0.1879,0.1319,0.0841,1.349,0.0251,0.1552,44.5,Worn,0
1028,11892.7,1031,166.2,1.41,0.26,35.5,13.21,18.52,57.7,27.4,27.8,0.1579,0.0941,0.0615,1.315,0.0244,0.1742,43.9,Worn,0
1029,11904.2,974,201.5,1.62,0.24,49.5,10.99,19.16,60.7,29.3,28.7,0.2775,0.1139,0.0727,1.493,0.0187,0.2142,50.4,Worn,0
1030,11912.4,1103,161.3,1.97,0.28,35.4,12.97,17.94,63.2,25.9,28.1,0.1543,0.1331,0.1369,1.387,0.0161,0.1789,42.7,Worn,0
1031,11925.6,1317,203.7,1.88,0.33,32.7,13.89,17.52,57.4,28.6,27.9,0.3045,0.1097,0.0666,1.788,0.0167,0.204,42.7,Worn,0
1032,11940.6,1297,154.1,1.7,0.33,30.0,12.97,16.91,60.8,28.9,26.8,0.1212,0.117,0.0647,1.494,0.0119,0.1643,44.6,Worn,0
1033,11949.6,1228,239.7,1.63,0.31,28.6,13.36,19.11,62.7,26.6,27.6,0.1765,0.0826,0.0656,1.964,0.0201,0.1733,47.5,Worn,0
1034,11958.8,1416,171.7,1.45,0.36,41.4,13.76,17.07,59.5,27.9,27.0,0.1622,0.0946,0.097,1.397,0.0165,0.195,49.2,Worn,0
1035,11972.4,900,179.8,1.72,0.23,23.0,12.09,16.72,58.2,30.1,24.0,0.2116,0.1189,0.1227,1.66,0.0233,0.1651,49.6,Worn,0
1036,11982.5,1133,159.8,1.58,0.28,30.1,12.1,19.5,59.7,27.1,27.0,0.1673,0.0395,0.0234,1.668,0.0192,0.1877,50.5,Worn,0
1037,11992.0,1415,197.8,1.84,0.36,40.3,14.56,19.54,67.9,36.0,25.9,0.1977,0.1327,0.0716,1.43,0.1404,0.1945,40.2,Worn,3
1038,12004.1,987,189.1,0.9,0.25,42.1,10.82,17.61,55.1,28.0,26.4,0.1573,0.1192,0.0553,2.027,0.021,0.2038,40.3,Worn,0
1039,12016.5,1258,155.9,1.46,0.32,35.8,13.04,19.8,61.0,25.2,25.9,0.2116,0.0785,0.1063,1.891,0.0119,0.1915,44.8,Worn,0
1040,12027.8,1216,132.6,0.55,0.31,38.9,11.67,18.42,65.1,26.2,23.3,0.0537,0.0576,0.0897,1.793,0.0091,0.1855,48.1,Worn,0
1041,12036.7,1244,205.8,1.56,0.31,43.6,12.97,18.43,63.7,32.8,28.4,0.2195,0.0851,0.1334,2.091,0.1313,0.1471,44.5,Good,3
1042,12049.4,1128,231.7,2.04,0.28,47.3,13.62,18.24,56.5,24.3,25.8,0.1755,0.1792,0.1435,1.748,0.0351,0.1938,45.4,Worn,0
1043,12062.1,1100,205.2,1.39,0.28,29.4,12.42,16.57,63.8,30.2,23.4,0.2021,0.0845,0.1587,1.376,0.0224,0.2083,45.2,Worn,0
1044,12071.6,926,243.0,2.06,0.23,31.8,11.53,16.69,54.6,26.5,26.2,0.2163,0.0827,0.0908,1.236,0.0171,0.187,45.1,Worn,0
1045,12086.0,1185,139.5,1.77,0.3,21.3,13.27,14.94,63.8,26.1,26.4,0.16,0.1811,0.0914,1.895,0.024,0.1769,49.0,Worn,0
1046,12100.6,1271,163.4,1.33,0.32,33.9,13.19,18.52,59.9,29.1,24.6,0.0675,0.1662,0.0804,2.109,0.0144,0.1659,46.4,Worn,0
1047,12110.9,1188,113.5,1.88,0.3,41.5,13.83,18.11,56.2,29.5,28.1,0.2353,0.1848,0.0575,1.933,0.0246,0.2024,41.0,Worn,0
1048,12124.6,1095,185.1,1.33,0.28,38.1,12.08,17.42,59.8,26.6,28.7,0.2132,0.1246,0.1056,1.504,0.0201,0.1881,41.7,Worn,0
1049,12135.2,1286,132.7,0.21,0.32,38.1,12.87,17.01,60.7,28.8,29.0,0.2215,0.0509,0.0634,1.465,0.0149,0.1838,44.6,Worn,0
1050,12146.4,1220,188.7,1.17,0.31,32.2,12.71,16.48,59.6,30.0,27.6,0.18,0.1258,0.0732,1.51,0.0218,0.1862,42.3,Worn,0
1051,12155.8,1144,181.5,1.64,0.29,30.3,13.05,16.75,58.3,24.9,26.4,0.2151,0.0731,0.0527,2.043,0.016,0.1668,46.9,Worn,0
1052,12164.0,1172,246.9,1.1,0.29,33.8,12.34,17.78,60.2,24.3,26.4,0.1878,0.0751,0.0464,1.595,0.0196,0.1786,42.2,Worn,0
1053,12178.7,1063,232.0,1.22,0.27,37.7,12.85,16.17,59.2,26.2,27.0,0.1784,0.1628,0.1315,1.8,0.0121,0.1971,47.0,Worn,0
1054,12186.9,1290,148.0,1.65,0.32,39.0,13.62,18.99,66.6,28.6,27.7,0.1869,0.0442,0.111,2.014,0.0199,0.1893,40.9,Worn,0
1055,12198.4,891,130.9,1.69,0.22,38.0,13.34,16.64,60.7,29.2,27.3,0.2218,0.1455,0.072,1.616,0.017,0.1866,43.7,Worn,0
1056,12212.4,1216,186.6,1.68,0.31,42.5,13.18,18.24,57.7,28.3,26.4,0.0836,0.0969,0.0308,1.751,0.0244,0.2098,46.9,Worn,0
1057,12225.7,1439,154.3,2.29,0.36,43.8,13.99,18.96,62.6,28.6,25.9,0.2221,0.1006,0.0924,1.802,0.0215,0.1521,45.6,Worn,0
1058,12239.3,1265,200.5,0.46,0.32,42.7,11.9,17.94,61.0,30.0,25.1,0.0685,0.0435,0.0689,1.747,0.0189,0.1868,48.8,Worn,0
1059,12248.9,1138,170.4,1.12,0.29,20,12.96,15.74,60.3,30.5,26.6,0.1566,0.1289,0.0616,1.694,0.0217,0.1602,45.6,Worn,0
1060,12259.6,1155,196.1,1.83,0.29,27.3,12.17,18.8,60.3,25.5,26.9,0.1788,0.1228,0.0889,2.35,0.0183,0.1671,34.8,Worn,0
1061,12272.9,1218,174.8,1.56,0.31,35.3,12.93,18.0,53.4,28.8,22.3,0.2072,0.1001,0.1127,1.636,0.0167,0.1835,45.1,Worn,0
1062,12284.9,1305,184.6,1.8,0.33,30.6,14.25,19.97,54.1,28.6,25.3,0.7147,0.4086,0.3713,5.509,0.0764,0.1905,43.3,Worn,2
1063,12295.3,1087,222.0,1.73,0.27,31.6,12.38,18.4,64.2,28.4,28.1,0.2094,0.0876,0.1064,1.866,0.0172,0.1663,47.1,Worn,0
1064,12303.3,1065,173.6,1.49,0.27,25.1,12.28,16.89,58.6,28.6,23.7,0.0947,0.1745,0.0584,1.638,0.019,0.1798,41.9,Worn,0
1065,12318.0,1283,195.1,1.23,0.32,35.1,12.86,16.03,56.7,26.4,25.0,0.2173,0.0988,0.1036,1.733,0.0226,0.1691,44.3,Worn,0
1066,12326.9,1153,187.3,1.56,0.29,44.1,13.54,18.1,56.5,29.3,26.2,0.2667,0.1724,0.071,2.017,0.0188,0.1886,38.7,Worn,0
1067,12337.9,957,196.2,2.01,0.24,36.7,12.21,18.81,63.2,30.8,28.2,0.2098,0.0912,0.0801,2.158,0.023,0.2045,47.1,Worn,0
1068,12350.9,1327,210.5,1.73,0.33,38.6,13.64,15.77,62.0,25.7,29.3,0.1984,0.1022,0.1214,1.546,0.0173,0.1998,46.9,Worn,0
1069,12363.9,1193,233.6,1.1,0.3,51.7,13.74,18.53,59.9,25.5,24.2,0.1909,0.146,0.0918,1.458,0.0177,0.1937,46.6,Worn,0
1070,12376.0,1069,170.0,1.15,0.27,43.6,12.48,18.97,57.5,24.5,26.9,0.1743,0.071,0.108,1.893,0.0241,0.2042,41.6,Worn,0
1071,12390.8,1131,209.1,1.56,0.28,30.9,13.39,17.96,61.8,28.7,30.4,0.2378,0.0737,0.1249,1.718,0.0241,0.1882,46.6,Worn,0
1072,12400.0,1252,196.1,1.1,0.31,45.8,13.72,19.79,59.8,26.8,26.6,0.1868,0.0377,0.0821,1.659,0.0115,0.1692,43.4,Worn,0
1073,12414.6,1230,158.3,1.45,0.31,41.5,12.69,18.67,57.1,29.3,28.5,0.1727,0.1952,0.0585,1.541,0.0154,0.1636,49.1,Worn,0
1074,12429.4,1137,195.1,2.19,0.29,41.2,12.95,18.96,62.4,28.8,29.6,0.2079,0.1452,0.0775,1.717,0.0191,0.1854,44.9,Worn,0
1075,12441.5,1188,182.2,2.49,0.3,41.0,14.23,20.65,65.4,34.3,26.4,0.2799,0.1077,0.0737,1.731,0.0955,0.1981,46.2,Worn,3
1076,12453.2,1220,178.4,1.24,0.31,32.5,11.99,16.98,58.1,28.9,26.0,0.1733,0.1234,0.1283,1.963,0.0144,0.1955,43.2,Worn,0
1077,12463.2,1334,197.7,1.67,0.34,39.1,13.36,18.81,63.4,29.9,25.5,0.1284,0.1261,0.0966,1.945,0.023,0.2033,44.5,Worn,0
1078,12477.2,1229,202.0,1.35,0.31,45.8,13.67,17.8,59.7,31.8,27.0,0.1109,0.1219,0.0995,1.868,0.0181,0.204,47.3,Worn,0
1079,12486.5,1291,163.4,1.57,0.32,41.7,14.28,18.6,56.8,26.8,28.0,0.0239,0.061,0.1209,1.67,0.0146,0.1897,50.0,Worn,0
1080,12499.9,1127,195.7,1.62,0.28,31.4,12.75,17.36,63.8,28.2,27.0,0.1488,0.16,0.0575,1.724,0.0111,0.1834,50.0,Worn,0
1081,12511.2,1287,173.6,1.25,0.32,39.1,13.71,18.95,59.7,26.5,27.8,0.7715,0.2566,0.3079,5.963,0.0677,0.1774,42.0,Worn,2
1082,12522.4,1376,170.1,1.43,0.35,43.7,12.67,19.0,58.9,26.1,28.2,0.1588,0.0842,0.0939,1.868,0.013,0.1738,48.3,Worn,0
1083,12536.1,1255,177.5,1.05,0.32,21.1,12.94,13.88,62.0,29.9,30.3,0.2402,0.1234,0.0665,1.943,0.022,0.2058,48.9,Worn,0
1084,12548.6,1277,154.8,1.43,0.32,40.7,14.42,19.71,63.2,26.6,26.9,0.4298,0.5421,0.3038,5.87,0.0821,0.1543,43.7,Worn,2
1085,12559.5,1105,120.2,2.18,0.28,47.8,12.71,19.05,55.3,28.3,24.8,0.148,0.0861,0.1001,1.93,0.0258,0.1949,49.8,Worn,0
1086,12572.2,1217,171.3,1.23,0.31,36.0,11.87,16.44,59.8,25.3,28.9,0.1163,0.238,0.0872,1.834,0.0153,0.1752,45.1,Worn,0
1087,12584.9,1173,195.5,1.79,0.29,24.1,12.23,15.57,62.5,30.0,27.4,0.1869,0.1331,0.1361,1.981,0.0214,0.217,47.3,Worn,0
1088,12596.9,1510,165.0,1.76,0.38,35.5,13.49,16.62,59.5,28.5,27.9,0.2242,0.1713,0.1402,1.493,0.0144,0.1999,43.8,Worn,0
1089,12610.4,1207,193.0,1.43,0.3,20,13.17,17.82,60.7,25.4,25.3,0.1117,0.0278,0.134,1.564,0.0143,0.1541,46.9,Worn,0
1090,12625.1,1053,265.7,1.44,0.26,34.1,12.67,18.84,63.0,28.9,25.1,0.2187,0.1204,0.076,2.174,0.024,0.1836,43.5,Worn,0
1091,12640.1,1237,245.8,1.48,0.31,28.6,12.05,18.99,62.1,29.7,28.5,0.1834,0.1167,0.0404,1.352,0.0167,0.199,39.3,Worn,0
1092,12650.0,1213,194.5,1.86,0.3,28.4,12.8,17.65,53.2,25.7,23.4,0.1675,0.1054,0.1611,1.521,0.0184,0.213,45.1,Worn,0
1093,12663.4,1238,186.6,1.31,0.31,32.3,13.0,15.25,59.2,28.7,26.8,0.1954,0.1392,0.1266,1.707,0.0131,0.1871,50.9,Worn,0
1094,12675.2,1050,138.1,1.88,0.26,21.7,13.57,15.74,65.9,31.4,25.9,0.1407,0.1266,0.1233,2.444,0.1415,0.169,46.1,Worn,3
1095,12686.2,1139,172.0,0.81,0.29,25.0,12.51,16.41,60.0,26.4,25.4,0.1205,0.0656,0.1214,1.679,0.0213,0.1992,44.7,Worn,0
1096,12698.9,1290,163.6,1.64,0.32,49.1,13.37,18.94,60.2,29.4,29.9,0.1594,0.1765,0.0762,1.957,0.0093,0.1703,42.3,Worn,0
1097,12711.5,1092,201.9,1.67,0.27,35.4,14.0,17.07,58.1,29.3,24.1,0.18,0.1589,0.0901,1.629,0.0263,0.2366,45.3,Worn,0
1098,12725.9,1161,208.0,1.96,0.29,45.1,13.54,20.24,61.4,26.2,27.7,0.2504,0.0984,0.15,1.701,0.0142,0.1898,43.6,Worn,0
1099,12739.7,1158,240.9,1.27,0.29,34.7,12.78,17.79,56.6,33.1,27.0,0.1817,0.1311,0.0625,2.037,0.0147,0.1731,46.4,Worn,0
1100,12753.1,1351,174.3,1.32,0.34,32.8,12.56,17.55,61.1,27.9,29.7,0.1572,0.1357,0.0547,1.551,0.0267,0.1698,46.6,Worn,0
1101,12761.2,1149,185.8,0.61,0.29,40.3,12.48,19.21,58.2,30.5,30.7,0.082,0.0606,0.0701,1.667,0.03,0.1817,44.0,Worn,0
1102,12774.5,1171,120.2,1.11,0.29,40.7,13.07,17.61,63.3,32.6,28.5,0.2175,0.0405,0.0952,1.497,0.0155,0.1872,43.4,Worn,0
1103,12783.9,1104,176.6,1.52,0.28,31.6,13.56,20.6,58.8,29.0,26.5,0.4147,0.2644,0.4848,4.954,0.0784,0.2131,47.2,Worn,2
1104,12797.1,1045,130.1,1.95,0.26,25.6,12.02,17.39,62.7,27.0,26.7,0.1277,0.0929,0.0551,1.672,0.0212,0.1801,40.1,Worn,0
1105,12807.8,1341,224.4,1.7,0.34,33.4,13.67,17.61,62.2,25.9,26.0,0.1187,0.1444,0.103,1.703,0.0234,0.2082,41.0,Worn,0
1106,12817.6,1326,163.1,1.95,0.33,29.7,13.93,16.41,63.0,28.6,26.4,0.1596,0.0947,0.1201,1.82,0.0359,0.2276,44.0,Worn,0
1107,12828.4,1348,201.6,0.5,0.34,25.3,11.84,17.15,60.5,30.2,26.1,0.2017,0.1364,0.0918,2.188,0.0219,0.213,46.2,Worn,0
1108,12837.8,1130,157.9,1.45,0.28,35.7,12.79,17.62,60.8,25.4,25.7,0.2075,0.1152,0.069,1.718,0.0231,0.1703,48.1,Worn,0
1109,12851.7,1153,173.4,1.65,0.29,43.7,14.99,18.41,62.8,28.0,27.0,0.173,0.1621,0.0189,1.855,0.0152,0.1953,47.4,Worn,0
1110,12862.6,1274,195.5,2.4,0.32,33.5,12.81,18.43,56.0,31.0,26.6,0.2621,0.0335,0.1291,1.597,0.022,0.2171,47.6,Worn,0
1111,12877.3,1293,212.3,1.32,0.33,40.2,13.77,21.14,60.2,27.8,23.8,0.6847,0.3048,0.3566,6.427,0.0625,0.1545,42.2,Worn,2
1112,12890.3,1037,149.6,1.5,0.26,46.9,12.71,18.68,64.8,29.7,27.1,0.1995,0.1075,0.089,1.763,0.0207,0.1999,45.4,Worn,0
1113,12903.7,990,147.8,1.26,0.25,33.6,11.29,17.15,58.1,23.6,26.6,0.1314,0.109,0.13,1.736,0.0208,0.1961,43.5,Worn,0
1114,12916.5,1361,184.3,1.28,0.34,33.8,14.05,17.33,58.5,28.4,28.4,0.1751,0.0991,0.1083,2.057,0.0135,0.1829,45.3,Worn,0
1115,12931.4,1110,235.6,1.02,0.28,34.8,12.16,15.62,68.3,33.5,26.7,0.1693,0.1019,0.0859,1.969,0.1123,0.2273,44.0,Worn,3
1116,12945.3,1293,142.0,2.29,0.32,32.9,13.8,17.16,62.2,27.7,27.5,0.2062,0.1545,0.0959,1.9,0.0186,0.2069,46.3,Worn,0
1117,12957.4,1097,194.3,0.92,0.28,38.4,12.56,17.06,59.7,27.6,25.4,0.1614,0.0202,0.1246,1.809,0.0197,0.2065,46.2,Worn,0
1118,12971.7,1247,113.5,1.63,0.31,33.0,12.8,16.1,58.5,29.0,23.5,0.2066,0.1197,0.0711,1.58,0.0125,0.1955,46.0,Worn,0
1119,12984.6,899,148.7,0.79,0.23,51.6,12.53,17.71,57.5,28.4,28.9,0.1435,0.1408,0.1015,2.013,0.0244,0.2084,42.2,Worn,0
1120,12992.9,1073,199.5,1.62,0.27,35.1,12.79,17.43,58.9,29.7,24.9,0.0551,0.0545,0.136,1.254,0.0195,0.1908,46.5,Worn,0
1121,13005.4,1250,192.7,1.22,0.31,30.4,13.21,17.25,61.5,27.2,26.0,0.1676,0.128,0.0834,1.354,0.0126,0.1831,41.5,Worn,0
1122,13014.3,1336,174.3,1.68,0.34,26.4,13.27,16.18,64.9,29.6,26.6,0.1702,0.1549,0.0746,1.985,0.0173,0.1912,44.6,Worn,0
1123,13022.4,979,162.1,1.19,0.25,30.8,11.62,15.31,62.3,25.5,25.3,0.2144,0.1576,0.0639,1.904,0.0198,0.1882,44.8,Worn,0
1124,13033.3,1595,186.0,0.89,0.4,42.9,15.22,18.82,64.0,28.3,26.8,0.2095,0.1878,0.1228,1.636,0.0174,0.2058,46.3,Worn,0
1125,13041.5,1130,194.2,1.93,0.28,35.2,13.36,17.43,62.2,29.0,27.4,0.1793,0.1358,0.0908,1.433,0.0236,0.1845,47.3,Worn,0
1126,13052.5,1177,227.0,2.14,0.3,32.5,13.16,19.64,61.3,31.3,30.3,0.2429,0.1476,0.0512,1.857,0.0251,0.1909,44.1,Worn,0
1127,13063.3,1544,164.4,1.73,0.39,28.3,14.61,16.4,59.7,26.9,25.1,0.1744,0.1186,0.0863,2.021,0.0215,0.201,44.0,Worn,0
1128,13072.6,1211,229.6,1.05,0.3,36.2,12.7,19.05,71.3,32.6,27.6,0.2141,0.1885,0.075,1.428,0.0958,0.1943,41.0,Worn,3
1129,13084.0,1218,164.4,0.77,0.31,28.6,13.66,17.5,53.4,29.8,25.6,0.1303,0.0839,0.097,1.857,0.0161,0.196,46.5,Worn,0
1130,13095.3,1229,249.5,1.84,0.31,45.8,14.77,21.42,69.2,30.5,28.1,0.6732,0.6681,0.228,4.14,0.0908,0.2171,44.8,Worn,2
1131,13104.8,1136,222.2,1.11,0.29,29.0,12.87,18.08,55.7,29.4,28.4,0.2265,0.0979,0.0477,1.778,0.0191,0.1998,46.6,Worn,0
1132,13117.1,1313,252.5,1.52,0.33,35.5,14.26,17.05,62.0,28.8,22.6,0.1239,0.122,0.104,1.463,0.0256,0.2154,52.0,Worn,0
1133,13128.0,1165,134.0,1.89,0.29,36.7,13.79,20.38,60.6,30.7,27.6,0.7304,0.5649,0.2655,4.438,0.1056,0.2273,49.2,Worn,2
1134,13136.6,1296,141.7,1.59,0.33,28.5,12.81,16.84,56.6,26.1,27.9,0.1012,0.186,0.1073,2.092,0.0258,0.2386,42.7,Worn,0
1135,13145.8,1262,161.2,0.9,0.32,43.1,13.93,17.98,63.1,30.4,28.1,0.1727,0.1735,0.0775,1.566,0.0092,0.1886,43.1,Worn,0
1136,13157.4,1240,219.1,1.58,0.31,23.0,12.94,15.57,57.2,25.6,28.2,0.1483,0.0961,0.0666,1.317,0.0183,0.1983,50.4,Worn,0
1137,13169.6,1232,160.6,1.81,0.31,22.6,12.46,16.82,60.8,27.5,24.4,0.2366,0.1003,0.0643,1.826,0.0104,0.1859,41.1,Worn,0
1138,13184.0,1141,201.7,1.76,0.29,32.6,11.18,18.15,58.4,28.9,29.5,0.071,0.1028,0.1135,1.929,0.0207,0.2298,44.3,Worn,0
1139,13197.8,1280,172.3,1.14,0.32,40.3,12.99,18.74,62.5,26.2,24.7,0.2484,0.1408,0.1145,1.72,0.008,0.1759,44.1,Worn,0
1140,13208.5,1421,194.2,1.77,0.36,34.6,13.03,15.93,59.3,27.9,27.4,0.1542,0.0765,0.0738,1.462,0.0196,0.195,40.9,Worn,0
1141,13220.4,1228,161.2,1.37,0.31,29.6,13.22,17.13,59.0,29.5,25.6,0.1601,0.1342,0.1115,1.89,0.0194,0.2273,46.8,Worn,0
1142,13234.7,1175,134.7,1.23,0.3,38.6,12.34,17.09,59.8,29.5,26.7,0.1751,0.1218,0.1246,1.664,0.0177,0.1539,45.4,Worn,0
1143,13245.1,1236,149.8,1.29,0.31,34.2,13.37,18.81,56.2,27.8,30.4,0.132,0.0961,0.0852,1.562,0.0183,0.1922,46.3,Worn,0
1144,13259.0,1255,215.1,2.71,0.32,20.1,12.83,14.68,62.2,27.5,27.3,0.1145,0.0694,0.0826,1.949,0.0272,0.2344,52.0,Worn,0
1145,13270.6,1121,189.8,1.61,0.28,28.1,12.4,17.46,65.4,33.8,26.7,0.189,0.0634,0.1052,1.924,0.0728,0.2264,42.2,Worn,3
1146,13282.0,1356,133.9,1.09,0.34,30.8,13.89,16.67,60.9,27.8,27.5,0.2035,0.1842,0.0569,1.64,0.0218,0.2102,48.2,Worn,0
1147,13292.1,770,174.9,1.08,0.19,30.8,12.86,17.38,65.2,32.8,25.2,0.2139,0.1683,0.0845,1.637,0.0908,0.1914,49.1,Worn,3
1148,13305.8,1305,186.0,2.24,0.33,44.4,13.66,19.37,62.6,28.9,27.2,0.1773,0.0609,0.0536,1.47,0.0192,0.1733,45.1,Worn,0
1149,13317.0,911,132.4,1.76,0.23,39.5,12.28,19.1,58.7,27.4,23.2,0.1495,0.1718,0.1225,1.717,0.0161,0.1799,41.3,Worn,0
1150,13330.6,1168,218.5,1.81,0.29,44.7,13.76,18.77,54.7,29.1,28.8,0.0661,0.1312,0.1046,2.487,0.0165,0.2111,50.7,Worn,0
1151,13341.8,1154,151.9,1.72,0.29,44.7,13.01,19.88,56.5,25.7,27.5,0.1722,0.1416,0.0691,1.457,0.0254,0.1855,46.6,Worn,0
1152,13352.1,1120,218.7,1.43,0.28,34.0,13.44,16.74,60.6,23.1,24.3,0.2068,0.1008,0.0732,1.843,0.0206,0.1913,41.2,Worn,0
1153,13360.4,1297,133.0,0.83,0.33,41.5,12.47,18.69,52.1,25.3,25.5,0.2599,0.1504,0.0671,1.588,0.0182,0.2237,46.4,Worn,0
1154,13369.8,756,166.0,1.86,0.19,28.1,11.74,18.14,59.4,30.5,27.9,0.0789,0.2066,0.0932,1.743,0.0152,0.1977,40.6,Worn,0
1155,13379.0,1248,161.7,1.46,0.31,44.5,12.72,19.26,63.3,27.5,25.9,0.2608,0.0924,0.0561,1.906,0.0171,0.1813,42.0,Worn,0
1156,13389.3,1462,212.4,1.28,0.37,33.7,12.89,17.17,60.7,29.0,24.3,0.0692,0.1264,0.0513,1.529,0.0138,0.1699,47.7,Worn,0
1157,13404.1,1273,183.4,1.3,0.32,36.2,12.93,17.49,64.7,26.0,23.7,0.1439,0.0736,0.0812,1.79,0.0167,0.1911,45.0,Worn,0
1158,13417.1,1368,189.6,0.97,0.34,37.7,13.89,16.08,62.3,24.9,28.2,0.1896,0.0438,0.0563,1.543,0.023,0.2251,40.0,Worn,0
1159,13425.8,1099,217.3,1.21,0.28,22.6,12.38,15.86,55.0,24.9,26.7,0.1772,0.1319,0.0659,1.887,0.0113,0.1623,47.0,Worn,0
1160,13435.2,1328,175.4,1.33,0.33,43.6,14.31,18.29,61.2,23.0,30.6,0.2331,0.1569,0.0351,2.115,0.0233,0.2454,49.8,Worn,0
1161,13447.0,1237,183.7,0.97,0.31,22.4,15.07,18.29,56.0,26.5,28.9,0.5897,0.8017,0.2369,5.267,0.086,0.1823,43.5,Worn,2
1162,13461.4,1477,176.4,0.8,0.37,42.3,14.07,18.27,64.4,25.9,23.6,0.1062,0.1961,0.0587,1.784,0.0248,0.2383,48.9,Worn,0
1163,13470.5,1388,156.1,1.35,0.35,30.0,13.69,18.01,62.6,30.6,25.6,0.0763,0.0164,0.0927,1.621,0.0239,0.1523,46.0,Worn,0
1164,13479.1,1350,141.2,1.84,0.34,38.1,13.76,18.08,62.8,26.3,28.5,0.1791,0.1449,0.1256,1.496,0.0256,0.2018,48.3,Worn,0
1165,13491.1,991,167.9,1.91,0.25,30.6,12.74,19.38,56.9,30.6,28.4,0.1277,0.1486,0.0462,1.238,0.0158,0.2011,39.2,Worn,0
1166,13505.4,1415,210.7,1.4,0.36,41.1,14.03,19.26,60.9,34.6,28.1,0.396,0.2987,0.3905,5.159,0.0855,0.1731,46.6,Worn,2
1167,13518.0,1599,178.5,1.51,0.4,33.1,13.45,16.89,59.1,28.4,26.1,0.2201,0.0937,0.0753,2.421,0.0216,0.2337,45.8,Worn,0
1168,13531.2,1355,178.0,1.52,0.34,34.9,12.27,18.96,64.8,30.1,29.2,0.2192,0.1158,0.0828,1.905,0.0261,0.2374,44.9,Worn,0
1169,13545.5,1241,211.1,1.25,0.31,37.6,12.48,17.41,63.7,27.7,29.0,0.1782,0.1292,0.1016,1.876,0.0239,0.1878,46.6,Worn,0
1170,13559.6,1318,189.8,1.2,0.33,39.6,13.71,17.56,60.4,28.5,29.5,0.1895,0.0832,0.1143,1.745,0.0244,0.2127,43.4,Worn,0
1171,13571.8,1099,214.2,1.64,0.28,39.3,13.02,18.87,65.2,29.0,23.5,0.1203,0.2162,0.0888,1.568,0.0194,0.1971,42.1,Worn,0
1172,13580.3,1182,159.8,2.47,0.3,26.9,13.35,17.81,58.6,30.2,27.0,0.182,0.1491,0.0895,1.28,0.0175,0.2133,47.9,Worn,0
1173,13590.9,1196,167.5,1.37,0.3,28.9,12.27,15.59,59.4,27.7,27.7,0.1845,0.1164,0.1164,1.707,0.0216,0.2105,45.2,Worn,0
1174,13600.6,1040,180.9,1.72,0.26,37.9,11.95,18.51,58.9,28.2,27.8,0.1953,0.128,0.0946,1.353,0.0186,0.1938,48.2,Worn,0
1175,13611.5,955,126.9,2.21,0.24,36.3,12.86,19.25,61.4,27.4,27.2,0.4709,0.2615,0.5246,5.414,0.068,0.2249,45.3,Worn,2
1176,13625.3,1138,161.3,1.56,0.29,32.1,13.32,20.01,70.1,32.4,27.8,0.108,0.0437,0.0949,1.733,0.1388,0.2174,44.8,Worn,3
1177,13635.6,1244,164.1,1.49,0.31,31.4,13.96,17.45,64.1,39.7,27.7,0.0938,0.1689,0.1035,1.731,0.1108,0.2069,49.7,Worn,3
1178,13644.5,1254,192.2,2.7,0.32,40.7,13.92,18.71,58.9,26.6,24.6,0.199,0.1246,0.0912,2.52,0.0253,0.2121,42.7,Worn,0
1179,13654.7,1211,193.7,1.53,0.3,39.9,13.96,18.26,65.5,26.6,27.9,0.2099,0.1443,0.0647,2.065,0.0251,0.2143,45.1,Worn,0
1180,13668.3,1077,159.9,1.81,0.27,35.2,12.02,17.04,61.8,25.1,27.9,0.109,0.0632,0.0921,1.736,0.0184,0.1852,49.1,Worn,0
1181,13680.2,1134,166.7,1.21,0.28,36.0,13.76,16.92,61.5,28.9,25.7,0.1844,0.0804,0.1189,1.977,0.0095,0.178,49.0,Worn,0
1182,13694.3,992,177.1,1.21,0.25,38.4,11.59,18.97,64.1,28.8,22.2,0.2244,0.1016,0.0816,2.244,0.0247,0.203,40.5,Worn,0
1183,13704.6,985,162.6,1.37,0.25,27.2,11.93,17.35,65.2,28.1,25.0,0.2054,0.1095,0.1171,1.316,0.0205,0.2099,47.1,Worn,0
1184,13713.7,992,191.3,2.4,0.25,27.1,12.52,16.32,57.9,25.3,28.3,0.2665,0.1315,0.0608,1.504,0.0241,0.2062,47.3,Worn,0
1185,13723.8,990,187.9,1.0,0.25,26.1,11.44,16.15,59.0,29.9,25.5,0.1983,0.1621,0.0964,1.388,0.0252,0.2092,45.1,Worn,0
1186,13737.5,1055,184.8,1.26,0.27,35.9,12.85,16.21,57.7,27.0,26.6,0.1726,0.0681,0.1516,1.805,0.0153,0.2082,50.6,Worn,0
1187,13752.3,1120,191.8,1.58,0.28,21.1,10.85,15.77,57.3,27.5,25.2,0.0875,0.17,0.0952,1.844,0.0197,0.1956,46.1,Worn,0
1188,13761.3,1470,154.9,0.77,0.37,25.9,11.84,17.32,63.6,27.4,25.1,0.1655,0.1629,0.0661,1.901,0.0133,0.2277,43.0,Worn,0
1189,13774.0,933,213.1,1.56,0.23,42.0,13.18,19.69,59.3,27.5,24.5,0.1708,0.1725,0.0909,1.773,0.0151,0.2037,43.7,Worn,0
1190,13783.6,1183,203.7,0.91,0.3,36.8,12.73,19.0,60.8,28.5,25.5,0.1631,0.0213,0.1131,1.551,0.0189,0.2227,42.6,Worn,0
1191,13793.1,1302,190.2,1.32,0.33,34.0,12.41,18.4,61.0,29.0,26.3,0.2043,0.108,0.0326,1.887,0.0165,0.2245,42.9,Worn,0
1192,13807.1,1336,166.3,1.4,0.34,34.4,14.59,17.57,58.0,31.7,24.1,0.1674,0.1495,0.0959,1.833,0.0301,0.2483,46.4,Worn,0
1193,13817.3,1248,184.8,0.36,0.31,38.2,12.49,19.02,62.5,30.5,28.8,0.2301,0.1442,0.0947,2.191,0.0263,0.24,47.0,Worn,0
1194,13830.2,1088,167.1,1.54,0.27,33.8,12.97,17.98,66.1,34.9,27.6,0.0846,0.1036,0.0851,2.291,0.1558,0.2375,46.9,Worn,3
1195,13841.6,1116,131.2,0.67,0.28,21.8,12.69,15.69,64.7,31.9,29.1,0.1109,0.1202,0.157,1.8,0.0131,0.1853,50.3,Worn,0
1196,13850.5,1091,168.5,1.5,0.27,39.6,12.57,19.34,60.6,25.3,28.2,0.1409,0.1463,0.0894,2.173,0.0223,0.1854,47.4,Worn,0
1197,13859.7,1088,225.3,1.15,0.27,35.1,11.27,16.67,60.1,27.5,25.5,0.0717,0.1059,0.0535,1.919,0.0252,0.219,47.0,Worn,0
1198,13871.2,1401,175.4,1.6,0.35,34.8,14.12,18.27,59.6,26.4,28.8,0.2539,0.0689,0.1072,2.443,0.0116,0.2574,49.6,Worn,0
1199,13879.8,1285,205.4,1.52,0.32,27.4,13.03,18.07,56.8,27.4,30.8,0.2723,0.1224,0.0152,1.941,0.0189,0.1993,44.4,Worn,0
1200,13890.8,1218,187.8,1.37,0.31,26.7,13.05,17.33,57.3,31.6,26.7,0.7063,0.4645,0.3902,3.47,0.0879,0.2244,47.8,Worn,2
1201,13899.9,1127,179.9,1.08,0.28,46.4,12.61,17.52,58.7,29.6,25.2,0.1372,0.1625,0.0837,2.006,0.017,0.2176,44.7,Worn,0
1202,13909.8,1443,192.1,1.44,0.36,45.8,13.65,20.76,61.9,28.2,25.7,0.2974,0.1004,0.1062,2.035,0.0255,0.2246,44.4,Worn,0
1203,13922.3,915,142.8,2.42,0.23,35.9,12.68,17.03,56.7,28.1,28.0,0.0855,0.1004,0.1151,2.156,0.0062,0.2034,45.3,Worn,0
1204,13934.7,1400,154.6,1.34,0.35,40.9,13.38,17.54,58.5,24.6,25.8,0.1556,0.2007,0.0956,1.409,0.0191,0.1798,45.2,Worn,0
1205,13943.3,1009,177.6,1.43,0.25,33.9,12.31,18.65,58.9,27.1,26.5,0.2015,0.1425,0.0643,2.068,0.0204,0.2139,41.0,Worn,0
1206,13956.3,1199,247.0,1.54,0.3,47.7,12.84,19.81,55.9,26.8,30.2,0.1412,0.111,0.0465,1.801,0.0311,0.2081,42.7,Worn,0
1207,13970.2,1073,160.9,1.1,0.27,25.7,12.44,17.26,60.1,26.6,27.4,0.1819,0.0815,0.0998,1.923,0.022,0.2037,44.1,Worn,0
1208,13980.4,1138,184.6,1.6,0.29,46.6,13.14,18.72,62.9,25.8,28.6,0.1181,0.06,0.0828,2.046,0.022,0.2354,47.8,Worn,0
1209,13993.8,871,180.5,1.14,0.22,49.7,11.85,18.95,58.8,28.8,27.2,0.1692,0.0868,0.0849,1.895,0.0239,0.2277,42.6,Worn,0
1210,14008.4,1142,188.6,1.16,0.29,33.5,12.06,17.01,60.8,29.1,28.9,0.1858,0.1877,0.093,2.419,0.0233,0.2016,46.5,Worn,0
1211,14022.0,1144,157.8,1.62,0.29,40.2,13.1,19.95,60.3,26.4,25.8,0.2433,0.0855,0.0638,2.087,0.0207,0.2366,43.5,Worn,0
1212,14030.7,1175,196.8,1.64,0.3,38.2,12.75,18.25,61.6,25.7,28.5,0.0293,0.1392,0.1112,2.058,0.0242,0.2054,45.0,Worn,0
1213,14039.5,1176,186.1,1.66,0.3,49.9,13.13,19.92,62.2,27.7,26.4,0.1164,0.0935,0.0999,1.624,0.0199,0.1919,48.8,Worn,0
1214,14051.0,997,183.3,2.08,0.25,35.1,13.59,16.88,62.3,27.6,29.3,0.1323,0.1166,0.1153,2.171,0.027,0.2229,44.7,Worn,0
1215,14064.1,1016,160.0,1.73,0.26,31.6,12.89,18.71,58.0,23.6,27.9,0.1607,0.1166,0.0778,2.238,0.0226,0.2047,47.1,Worn,0
1216,14077.2,1285,152.3,1.54,0.32,31.1,12.58,15.8,53.0,26.1,27.9,0.1644,0.1261,0.105,2.213,0.0297,0.2031,47.9,Worn,0
1217,14091.5,1133,187.6,1.55,0.28,30.4,12.95,17.25,58.5,28.5,27.6,0.2231,0.1499,0.0243,2.119,0.0203,0.2394,43.4,Worn,0
1218,14099.6,1082,155.2,1.18,0.27,38.2,12.48,18.84,63.6,26.4,26.8,0.1285,0.1167,0.1007,1.99,0.0194,0.2217,44.5,Worn,0
1219,14109.6,1275,201.2,1.6,0.32,35.3,13.0,18.41,59.2,28.1,30.1,0.1903,0.1499,0.0654,1.563,0.015,0.2127,48.7,Worn,0
1220,14121.2,1049,208.3,1.82,0.26,41.5,13.66,17.62,61.2,29.3,25.8,0.195,0.1672,0.1032,1.845,0.0245,0.2442,45.8,Worn,0
1221,14131.1,1389,140.0,1.58,0.35,30.5,12.76,15.73,64.5,21.7,27.5,0.1615,0.1537,0.1539,1.887,0.0272,0.1985,43.3,Worn,0
1222,14142.5,1313,141.3,1.24,0.33,47.3,14.02,19.42,65.0,25.2,25.5,0.1851,0.1127,0.0764,1.265,0.0172,0.172,45.4,Worn,0
1223,14150.5,1132,188.2,1.18,0.28,32.1,12.9,18.06,61.9,26.0,28.1,0.1503,0.1033,0.0873,1.741,0.0247,0.1962,45.4,Worn,0
1224,14161.6,1220,157.2,2.08,0.31,23.8,12.15,17.37,64.7,27.4,29.2,0.0862,0.0956,0.1327,2.057,0.0159,0.2375,43.5,Worn,0
1225,14174.7,1529,182.6,2.13,0.38,32.8,15.12,17.15,61.6,26.6,25.0,0.2257,0.1444,0.0593,1.839,0.0168,0.1743,37.9,Worn,0
1226,14189.6,1269,197.6,0.89,0.32,39.4,13.93,17.17,61.9,28.0,26.7,0.203,0.1733,0.0622,1.925,0.0177,0.2182,40.0,Worn,0
1227,14203.1,1256,150.5,1.65,0.32,35.1,12.22,17.31,56.5,26.4,27.0,0.1509,0.1398,0.1266,2.252,0.0276,0.2375,44.6,Worn,0
1228,14212.6,1203,148.5,1.0,0.3,38.2,12.74,17.27,55.6,27.4,25.1,0.2227,0.0741,0.0887,2.013,0.0175,0.2497,52.3,Worn,0
1229,14226.8,1345,151.6,2.65,0.34,38.5,14.15,17.53,64.9,36.1,28.4,0.1835,0.1325,0.0539,1.679,0.1313,0.229,40.1,Worn,3
1230,14234.8,1305,196.9,1.15,0.33,40.7,13.73,18.47,63.8,25.2,26.8,0.1782,0.1093,0.0896,1.563,0.0306,0.2208,46.3,Worn,0
1231,14244.8,1193,190.8,0.8,0.3,44.5,12.63,17.67,59.6,27.4,28.6,0.1469,0.1191,0.0867,2.119,0.0184,0.1989,44.5,Worn,0
1232,14259.2,1070,177.3,1.46,0.27,38.8,12.61,19.38,55.9,26.9,25.3,0.1196,0.0819,0.0777,1.651,0.0226,0.2272,43.6,Worn,0
1233,14272.1,1134,185.6,1.1,0.29,34.2,12.2,16.75,61.4,27.8,24.6,0.1648,0.0998,0.1455,1.883,0.0135,0.2396,47.9,Worn,0
1234,14285.2,1289,159.7,1.77,0.32,34.3,13.72,18.16,62.5,27.0,28.1,0.1812,0.1784,0.0946,2.086,0.0164,0.2227,41.6,Worn,0
1235,14295.2,1032,208.5,2.22,0.26,44.7,13.46,20.05,60.8,26.9,26.2,0.7499,0.1975,0.5,4.312,0.0647,0.2104,45.2,Worn,2
1236,14305.5,1354,226.9,1.79,0.34,47.1,13.99,19.39,59.4,26.3,30.7,0.151,0.1445,0.1074,1.915,0.024,0.1929,46.1,Worn,0
1237,14319.2,1105,184.0,1.93,0.28,30.0,12.1,17.76,65.3,30.7,22.9,0.1951,0.0766,0.1543,1.675,0.0143,0.1955,41.2,Worn,0
1238,14328.0,1328,155.6,1.63,0.33,38.2,13.31,17.5,60.8,31.4,28.7,0.1715,0.0884,0.1056,1.479,0.021,0.2133,49.3,Worn,0
1239,14339.4,1496,130.0,1.16,0.38,44.5,12.76,18.53,54.6,30.8,25.8,0.1307,0.0975,0.0564,1.591,0.0222,0.2345,48.7,Worn,0
1240,14350.4,1221,149.8,1.18,0.31,36.9,13.98,18.85,60.3,27.2,27.9,0.1983,0.0909,0.119,1.525,0.0225,0.1918,48.2,Worn,0
1241,14363.2,1028,219.3,0.79,0.26,20.9,12.95,16.44,59.2,27.2,24.9,0.1807,0.1328,0.1164,2.333,0.0219,0.2327,47.6,Worn,0
1242,14375.7,1447,223.1,1.19,0.36,46.6,13.85,20.03,61.4,25.0,25.8,0.1332,0.0525,0.1242,1.924,0.0201,0.2234,43.0,Worn,0
1243,14389.7,1288,170.1,1.3,0.32,43.7,13.81,17.95,60.4,28.0,28.5,0.2272,0.0912,0.0537,1.61,0.0257,0.2131,47.3,Worn,0
1244,14403.7,1152,160.0,1.96,0.29,48.6,12.7,19.85,62.5,27.1,29.3,0.1709,0.2035,0.1631,2.458,0.0207,0.272,40.7,Worn,0
1245,14415.2,1208,181.6,1.73,0.3,23.7,13.86,18.31,54.5,26.9,29.4,0.482,0.3736,0.3301,3.834,0.0962,0.2149,46.7,Worn,2
1246,14429.3,1023,205.5,1.4,0.26,20,11.24,15.18,62.3,28.7,25.8,0.2886,0.127,0.0978,1.684,0.0268,0.2135,45.3,Worn,0
1247,14437.7,1286,143.9,1.9,0.32,38.5,13.47,15.15,58.7,28.4,30.1,0.1719,0.1556,0.1197,1.872,0.0195,0.2193,42.4,Worn,0
1248,14447.0,1114,141.8,1.61,0.28,53.0,12.42,17.84,58.6,24.4,26.7,0.1973,0.1368,0.066,1.491,0.0212,0.2105,42.3,Worn,0
1249,14457.4,1453,175.0,1.35,0.37,43.4,15.03,20.46,71.3,34.5,27.0,0.1433,0.161,0.1023,1.582,0.0926,0.2134,50.1,Worn,3
1250,14467.1,1303,155.6,1.99,0.33,30.4,13.43,17.94,62.6,28.8,34.2,0.1751,0.0827,0.1377,1.679,0.0286,0.2064,45.8,Worn,0
1251,14478.0,1029,183.0,1.82,0.26,27.9,12.21,18.12,57.7,25.1,26.5,0.1666,0.1334,0.0553,1.803,0.0202,0.1787,39.5,Worn,0
1252,14491.4,1380,237.9,1.61,0.35,39.2,13.74,19.11,64.6,29.7,28.0,0.1924,0.0978,0.0492,1.921,0.0277,0.1999,43.5,Worn,0
1253,14504.2,1112,103.5,1.83,0.28,35.0,13.67,16.68,59.7,26.8,29.4,0.1381,0.1208,0.0716,1.535,0.0163,0.1877,44.1,Worn,0
1254,14516.1,1379,170.7,1.13,0.35,51.6,14.53,18.21,62.8,25.7,25.7,0.2062,0.1137,0.1477,1.691,0.0324,0.2608,44.1,Worn,0
1255,14530.1,1161,190.7,1.34,0.29,34.3,12.84,19.51,68.9,34.6,28.5,0.171,0.0958,0.1265,2.342,0.1398,0.2608,44.5,Worn,3
1256,14544.4,1102,207.1,1.78,0.28,36.8,12.55,17.98,58.6,24.2,26.8,0.2191,0.1272,0.0188,1.906,0.0212,0.2306,41.9,Worn,0
1257,14555.2,1114,158.4,1.74,0.28,34.9,12.67,17.75,59.1,30.7,26.2,0.2068,0.1227,0.0886,1.69,0.017,0.2319,47.2,Worn,0
1258,14565.9,1180,164.1,1.34,0.3,25.0,12.79,15.53,65.2,26.7,23.6,0.1834,0.086,0.1621,2.029,0.028,0.2052,42.4,Worn,0
1259,14576.4,982,208.4,1.37,0.25,35.1,13.69,18.03,61.6,29.8,27.8,0.1231,0.1417,0.0357,2.134,0.0155,0.1886,43.4,Worn,0
1260,14586.9,1270,165.8,1.5,0.32,28.7,12.99,15.93,59.2,29.1,28.8,0.1267,0.1215,0.0703,2.076,0.0256,0.2257,46.8,Worn,0
1261,14597.1,1369,229.1,1.67,0.34,26.6,14.57,16.32,56.3,26.9,26.1,0.1982,0.0932,0.0932,1.852,0.0213,0.2186,53.3,Worn,0
1262,14608.1,1088,164.4,1.13,0.27,33.3,12.55,17.58,61.5,24.8,27.7,0.2353,0.1223,0.0773,1.43,0.0225,0.2236,51.8,Worn,0
1263,14621.4,1210,141.2,1.36,0.3,26.8,13.72,17.79,57.7,28.2,27.0,0.1689,0.1163,0.0661,1.774,0.0192,0.2408,46.7,Worn,0
1264,14636.4,1232,185.4,1.92,0.31,44.2,13.88,19.59,65.1,29.4,28.7,0.6053,0.6315,0.2792,5.076,0.064,0.2835,44.1,Worn,2
1265,14645.9,904,183.2,1.51,0.23,29.8,11.46,16.89,64.6,27.0,27.7,0.142,0.1277,0.0355,1.508,0.0179,0.2306,43.5,Worn,0
1266,14656.6,1291,220.7,1.6,0.32,36.7,13.78,18.98,59.5,28.2,21.5,0.2078,0.0489,0.062,1.971,0.0182,0.2121,42.2,Worn,0
1267,14666.9,1396,201.0,1.83,0.35,31.6,13.93,18.1,62.0,29.2,25.3,0.1968,0.1611,0.0115,2.129,0.0284,0.2006,51.8,Worn,0
1268,14675.9,1312,193.6,0.48,0.33,38.1,13.29,17.61,59.5,28.0,28.0,0.2521,0.1111,0.0861,1.43,0.0207,0.2152,45.4,Worn,0
1269,14688.2,1382,194.2,2.15,0.35,42.6,14.13,18.81,53.4,27.8,27.5,0.1467,0.1685,0.0759,2.313,0.0202,0.224,44.3,Worn,0
1270,14702.0,1401,156.0,1.25,0.35,37.8,12.48,16.4,59.9,29.7,26.5,0.1147,0.1978,0.0661,1.342,0.0238,0.2382,41.8,Worn,0
1271,14710.4,1012,220.4,1.19,0.25,39.5,12.69,16.62,60.0,25.9,27.8,0.1657,0.111,0.0851,1.78,0.0245,0.2293,42.8,Worn,0
1272,14718.5,1175,202.6,1.88,0.3,29.1,14.03,17.71,60.1,27.3,26.0,0.2371,0.1146,0.1216,1.497,0.013,0.2148,48.0,Worn,0
1273,14728.8,1009,204.9,1.95,0.25,42.9,11.51,19.04,60.8,29.6,28.4,0.1718,0.1047,0.1235,1.863,0.0246,0.2124,46.2,Worn,0
1274,14738.4,1136,168.1,1.25,0.29,31.7,12.98,17.31,60.0,29.6,28.8,0.1779,0.1205,0.0728,1.806,0.0124,0.2155,42.9,Worn,0
1275,14750.5,1022,147.1,1.32,0.26,38.8,13.14,18.18,62.9,28.1,29.3,0.3527,0.2295,0.312,5.699,0.1146,0.2225,42.6,Worn,2
1276,14761.0,1389,193.7,1.06,0.35,34.8,12.86,17.85,63.5,26.9,24.2,0.1744,0.1344,0.0859,1.946,0.0143,0.2114,43.4,Worn,0
1277,14774.5,1135,176.5,1.77,0.29,37.7,13.1,18.46,70.4,35.4,28.0,0.1935,0.1347,0.0532,1.751,0.12,0.2132,44.2,Worn,3
1278,14785.0,1203,187.6,1.25,0.3,33.4,12.1,17.79,65.5,28.2,29.6,0.1695,0.1053,0.1217,1.343,0.0198,0.2186,43.8,Worn,0
1279,14794.7,1183,183.3,1.5,0.3,24.3,13.32,16.91,72.5,35.0,21.9,0.2272,0.0971,0.0683,2.125,0.1356,0.2157,46.0,Worn,3
1280,14805.3,1273,128.7,1.14,0.32,21.6,13.13,16.08,55.2,25.4,24.5,0.1671,0.1492,0.0633,1.998,0.023,0.2184,48.2,Worn,0
1281,14814.3,1092,196.7,1.74,0.27,25.3,12.45,17.01,55.8,27.0,27.6,0.1208,0.1439,0.0769,1.889,0.0191,0.2015,45.8,Worn,0
1282,14825.1,1362,120.2,1.24,0.34,37.0,13.13,16.47,60.8,29.2,26.9,0.2287,0.1669,0.1356,1.966,0.0128,0.2429,43.2,Worn,0
1283,14835.1,1159,187.7,1.38,0.29,42.6,13.82,19.45,61.1,28.6,24.0,0.2142,0.173,0.0723,2.02,0.0182,0.2072,46.7,Worn,0
1284,14844.7,832,125.8,1.48,0.21,29.6,13.17,17.14,56.7,31.7,24.4,0.6764,0.5933,0.329,4.71,0.0704,0.2383,43.3,Worn,2
1285,14852.9,1033,171.1,1.04,0.26,28.1,12.12,18.36,57.6,26.7,22.3,0.2343,0.1576,0.0797,1.943,0.0178,0.213,45.2,Worn,0
1286,14863.2,1209,190.8,1.61,0.3,33.6,13.2,18.32,62.7,27.6,27.0,0.1271,0.1101,0.0121,1.491,0.0187,0.2235,40.7,Worn,0
1287,14874.0,1465,198.5,1.28,0.37,42.5,13.24,18.18,64.9,27.5,26.5,0.2333,0.1883,0.1021,1.507,0.0227,0.1982,45.8,Worn,0
1288,14884.0,1361,137.8,1.87,0.34,34.4,13.1,16.42,61.9,25.9,24.8,0.2555,0.1035,0.0714,1.554,0.0334,0.2233,46.4,Worn,0
1289,14898.9,1221,192.7,0.57,0.31,22.2,12.33,14.92,57.5,28.9,31.3,0.1585,0.1192,0.101,2.012,0.0207,0.2129,43.3,Worn,0
1290,14912.9,1147,138.0,1.6,0.29,33.3,13.99,16.18,59.6,26.7,27.1,0.1675,0.0976,0.0486,1.618,0.0214,0.1779,48.0,Worn,0
1291,14925.7,1133,187.2,1.58,0.28,32.3,12.82,17.59,66.9,32.8,27.2,0.1539,0.1462,0.0631,1.559,0.1349,0.2073,44.7,Worn,3
1292,14935.3,1090,118.9,1.63,0.27,29.7,12.77,16.59,55.3,30.5,30.6,0.1979,0.0368,0.1329,1.621,0.0162,0.2042,48.3,Worn,0
1293,14943.8,1001,151.0,1.14,0.25,49.8,13.16,18.2,59.9,31.4,25.5,0.2582,0.1166,0.0831,2.135,0.0227,0.256,46.1,Worn,0
1294,14956.7,1046,203.9,1.48,0.26,41.2,12.97,18.71,55.2,31.4,27.2,0.1303,0.1275,0.0756,1.565,0.0262,0.2408,43.1,Worn,0
1295,14971.4,1391,191.4,1.39,0.35,28.6,13.44,18.45,60.2,30.1,24.7,0.111,0.1338,0.1109,1.715,0.0234,0.2459,43.8,Worn,0
1296,14986.0,1340,165.9,1.35,0.34,34.8,13.61,18.24,62.9,28.2,28.6,0.2921,0.1263,0.0751,2.54,0.0166,0.2406,49.5,Worn,0
1297,14998.5,1166,108.0,1.96,0.29,41.2,13.89,18.25,61.7,26.3,31.0,0.232,0.148,0.0747,1.636,0.0133,0.2546,43.6,Worn,0
1298,15008.4,1084,256.8,1.72,0.27,30.4,11.81,19.31,59.5,26.3,27.7,0.1972,0.1093,0.0723,1.513,0.0236,0.2126,41.9,Worn,0
1299,15021.0,1354,176.1,1.42,0.34,45.9,13.36,19.6,58.4,26.4,30.4,0.2435,0.1771,0.1355,1.803,0.0133,0.2189,44.8,Worn,0
1300,15033.4,921,177.0,1.38,0.23,37.1,13.35,20.15,62.3,28.5,27.0,0.7555,0.3921,0.239,4.195,0.0594,0.2557,47.6,Worn,2
1301,15045.4,1345,167.8,1.61,0.34,39.3,13.69,18.85,55.7,29.1,29.8,0.2255,0.0591,0.0953,2.006,0.0225,0.2192,42.6,Worn,0
1302,15055.4,1142,167.5,1.92,0.29,35.1,12.2,17.11,59.0,28.1,28.4,0.0985,0.1886,0.0877,2.298,0.0247,0.2422,42.5,Worn,0
1303,15069.7,1199,188.3,0.83,0.3,40.8,13.4,18.6,61.8,29.6,27.2,0.1293,0.1839,0.0655,1.754,0.0164,0.2326,44.0,Worn,0
1304,15084.5,1328,146.0,2.17,0.33,29.3,12.64,17.19,63.5,31.4,24.7,0.1408,0.1368,0.084,1.942,0.0283,0.2554,46.9,Worn,0
1305,15098.6,1162,185.1,0.8,0.29,38.8,12.97,16.66,59.5,33.4,24.7,0.1755,0.0652,0.0662,1.876,0.0199,0.2263,46.9,Worn,0
1306,15113.3,1019,197.1,1.26,0.26,31.0,11.42,18.02,56.7,31.7,28.2,0.1009,0.0597,0.1574,2.018,0.0166,0.2593,49.5,Worn,0
1307,15122.8,935,172.1,2.38,0.24,29.4,12.77,17.28,57.8,27.7,24.9,0.2023,0.1223,0.0651,1.907,0.0165,0.2114,45.2,Worn,0
1308,15134.8,1184,161.3,1.44,0.3,40.3,13.02,20.3,58.7,26.0,30.9,0.1269,0.0647,0.0505,1.893,0.0218,0.2556,48.2,Worn,0
1309,15148.3,1218,207.3,2.22,0.31,39.2,13.93,18.1,59.5,26.9,28.9,0.1759,0.1299,0.097,1.691,0.0299,0.2288,46.0,Worn,0
1310,15162.3,1318,151.1,2.53,0.33,20,13.57,15.31,56.6,28.0,29.9,0.1044,0.0901,0.0579,1.921,0.0121,0.218,47.2,Worn,0
1311,15170.7,1100,197.5,1.45,0.28,36.3,13.04,17.6,58.7,29.0,24.3,0.2217,0.1203,0.1422,1.85,0.0155,0.2315,42.5,Worn,0
1312,15179.7,1359,145.3,1.03,0.34,37.4,14.52,17.41,58.3,27.5,28.5,0.1533,0.0976,0.0496,1.81,0.0288,0.2298,45.1,Worn,0
1313,15193.0,1179,158.6,0.92,0.3,32.2,12.89,17.84,57.8,28.2,28.0,0.1417,0.1307,0.0692,2.057,0.0124,0.2379,48.0,Worn,0
1314,15203.9,1057,123.8,0.77,0.27,47.4,12.36,18.48,55.8,27.8,29.3,0.6548,0.2859,0.3028,5.237,0.1174,0.2135,47.5,Worn,2
1315,15213.6,1161,214.6,1.23,0.29,44.2,12.79,18.77,57.4,26.4,28.3,0.1689,0.1214,0.0944,1.706,0.0227,0.2426,45.0,Worn,0
1316,15227.7,1076,193.3,1.34,0.27,43.1,13.7,19.77,60.8,28.7,24.2,0.2734,0.1425,0.0861,2.001,0.0239,0.2328,40.0,Worn,0
1317,15238.3,1089,207.9,1.52,0.27,41.6,12.27,18.65,66.8,31.4,24.9,0.2152,0.1501,0.1322,2.074,0.0185,0.229,44.8,Worn,0
1318,15252.7,1188,175.7,1.8,0.3,33.4,14.38,20.08,57.2,26.6,28.6,0.3462,0.2086,0.0816,6.244,0.109,0.3076,44.2,Critical,1
1319,15265.9,1439,97.5,1.66,0.36,36.9,13.59,18.74,63.0,25.9,27.4,0.2398,0.1517,0.0685,1.753,0.027,0.2485,42.7,Worn,0
1320,15278.5,1168,212.8,1.15,0.29,30.9,12.67,17.0,60.8,23.4,30.1,0.1721,0.1162,0.0829,1.477,0.0203,0.2105,44.1,Worn,0
1321,15291.6,1131,136.1,1.75,0.28,35.1,13.99,16.88,55.7,24.1,29.1,0.1953,0.1255,0.1459,1.592,0.0174,0.2244,47.7,Worn,0
1322,15303.3,1108,198.1,1.22,0.28,50.0,12.27,19.14,62.0,27.7,28.0,0.2059,0.1705,0.0889,2.237,0.0216,0.2373,45.9,Worn,0
1323,15317.6,1264,167.1,1.38,0.32,21.2,12.6,16.18,57.0,26.5,30.7,0.1376,0.1207,0.1127,1.873,0.0274,0.2171,52.7,Worn,0
1324,15332.0,1399,200.7,1.87,0.35,35.4,14.8,16.65,66.6,31.2,25.6,0.16,0.1382,0.1178,2.002,0.0172,0.2204,47.7,Worn,0
1325,15342.3,1395,142.0,1.99,0.35,38.7,15.72,18.89,60.2,29.4,23.4,0.2039,0.1167,0.041,2.346,0.0293,0.2179,46.3,Worn,0
1326,15351.5,852,163.0,1.73,0.21,38.2,11.16,20.53,58.1,29.4,27.6,0.1509,0.1405,0.0655,1.623,0.0199,0.1832,36.5,Worn,0
1327,15360.8,1260,172.9,1.2,0.32,30.2,12.24,17.29,60.7,27.1,29.1,0.1876,0.1363,0.1311,1.894,0.0241,0.1947,47.3,Worn,0
1328,15369.4,1200,207.0,1.26,0.3,29.1,13.47,18.62,68.0,36.7,28.7,0.2344,0.0857,0.1134,1.199,0.144,0.261,43.7,Worn,3
1329,15381.7,1116,228.5,1.33,0.28,42.4,12.76,19.07,54.6,29.1,29.4,0.2545,0.1934,0.1154,1.706,0.0264,0.2437,42.3,Worn,0
1330,15392.1,1321,188.7,1.98,0.33,40.5,13.11,17.58,56.7,28.6,27.4,0.1823,0.0434,0.0792,1.779,0.0199,0.2316,41.8,Worn,0
1331,15401.0,1159,166.2,1.47,0.29,26.9,13.38,15.87,63.0,29.7,30.1,0.2132,0.0755,0.0776,2.331,0.0307,0.2563,46.8,Worn,0
1332,15412.7,1081,154.2,1.69,0.27,23.0,11.84,17.69,57.7,24.6,27.2,0.1277,0.106,0.0849,1.861,0.0238,0.2328,43.6,Worn,0
1333,15420.9,1414,169.1,1.77,0.36,31.7,13.27,17.98,62.9,27.6,28.2,0.1769,0.1082,0.0741,2.108,0.0099,0.2207,41.9,Worn,0
1334,15435.4,1053,143.3,1.84,0.26,44.0,13.03,18.85,57.2,26.4,27.9,0.1623,0.1633,0.0383,1.885,0.0302,0.2297,46.9,Worn,0
1335,15448.2,1093,162.9,1.48,0.27,33.3,13.23,17.12,57.5,29.7,28.1,0.1473,0.0932,0.0972,1.701,0.0202,0.253,43.6,Worn,0
1336,15460.1,863,166.8,0.73,0.22,40.8,11.58,15.84,63.3,27.1,27.5,0.2665,0.0861,0.1028,2.164,0.0217,0.2158,45.3,Worn,0
1337,15468.8,1186,160.5,0.83,0.3,47.2,12.19,17.9,58.4,29.8,27.2,0.185,0.0554,0.1126,1.86,0.0265,0.2073,42.1,Worn,0
1338,15482.4,1223,131.7,0.59,0.31,27.8,13.77,15.83,52.4,28.2,29.1,0.1182,0.1001,0.1458,1.764,0.0204,0.2184,40.1,Worn,0
1339,15493.3,1211,190.0,0.91,0.3,29.9,13.51,15.14,59.3,24.6,26.4,0.2028,0.0891,0.0836,2.259,0.0226,0.2569,44.1,Worn,0
1340,15507.5,1051,212.7,1.19,0.26,24.9,11.79,17.33,60.6,28.0,28.4,0.1249,0.1385,0.0695,1.822,0.029,0.2425,48.6,Worn,0
1341,15517.6,1347,168.8,1.98,0.34,28.7,13.4,17.11,62.8,26.8,29.3,0.1697,0.134,0.0775,1.816,0.0149,0.207,46.5,Worn,0
1342,15532.2,1139,204.8,1.58,0.29,28.0,12.68,16.8,67.3,30.6,28.1,0.2285,0.1128,0.1424,1.4,0.0148,0.2033,40.4,Worn,0
1343,15543.2,1166,193.6,1.5,0.29,31.0,12.54,16.69,64.3,28.4,24.9,0.2321,0.0841,0.0522,1.657,0.0173,0.2176,46.6,Worn,0
1344,15552.8,1143,114.6,2.45,0.29,41.1,13.56,19.89,60.8,26.9,29.0,0.1603,0.1011,0.087,2.102,0.0185,0.221,46.7,Worn,0
1345,15562.8,960,167.2,1.3,0.24,46.1,12.3,18.42,58.1,30.5,28.4,0.1669,0.1196,0.1102,2.148,0.0184,0.2449,45.6,Worn,0
1346,15577.2,1145,176.2,1.99,0.29,22.2,13.54,17.35,61.3,27.9,29.1,0.2173,0.123,0.107,1.935,0.0144,0.2216,47.6,Worn,0
1347,15589.5,927,202.6,2.18,0.23,28.8,13.17,19.68,64.1,33.2,29.5,0.2399,0.1582,0.0764,2.067,0.1099,0.2101,39.6,Worn,3
1348,15599.9,1002,194.4,1.2,0.25,21.8,11.71,16.01,53.3,26.3,24.6,0.087,0.0921,0.0748,1.951,0.0342,0.2318,42.4,Worn,0
1349,15614.0,1138,176.1,1.64,0.29,39.3,12.92,17.29,61.5,25.1,24.6,0.226,0.0543,0.1355,2.495,0.0175,0.233,47.9,Worn,0
1350,15626.0,1138,174.2,1.06,0.29,34.7,13.7,16.92,58.5,28.3,27.9,0.2404,0.0925,0.1122,1.959,0.0189,0.2308,49.8,Worn,0
1351,15639.3,986,175.3,1.26,0.25,27.2,11.82,16.21,60.9,25.8,25.1,0.1615,0.0649,0.0603,1.947,0.0254,0.2164,53.2,Worn,0
1352,15650.3,1028,186.4,1.29,0.26,42.0,13.34,19.26,57.0,30.9,26.0,0.1727,0.1386,0.0999,1.535,0.0189,0.1912,48.6,Worn,0
1353,15661.6,1421,178.4,2.25,0.36,47.5,13.83,18.34,55.9,26.3,24.4,0.1493,0.1225,0.1215,1.65,0.0182,0.2228,44.0,Worn,0
1354,15673.1,1143,188.2,1.18,0.29,44.7,12.44,18.89,63.9,30.3,30.2,0.0529,0.0963,0.0867,1.615,0.0251,0.2341,45.8,Worn,0
1355,15686.5,1200,127.3,1.74,0.3,27.1,12.57,17.8,65.1,23.7,26.2,0.1627,0.1056,0.0963,1.545,0.0174,0.206,46.6,Worn,0
1356,15696.0,1177,127.4,1.22,0.3,28.4,12.79,16.31,57.5,31.0,26.6,0.0892,0.125,0.0997,2.156,0.0269,0.2301,43.3,Worn,0
1357,15706.0,977,163.7,0.34,0.25,23.7,11.64,15.21,59.4,28.4,26.2,0.2208,0.1374,0.0707,1.85,0.0213,0.2234,41.2,Worn,0
1358,15714.3,1397,210.6,1.91,0.35,31.7,14.11,18.74,60.1,31.5,29.5,0.792,0.6135,0.1882,4.386,0.0762,0.2415,49.5,Worn,2
1359,15724.0,947,163.7,1.13,0.24,30.6,12.1,16.5,56.3,26.0,26.7,0.1251,0.123,0.115,1.679,0.0263,0.2294,48.0,Worn,0
1360,15733.9,1289,190.6,1.73,0.32,20.9,12.47,16.06,63.4,27.0,29.6,0.0911,0.1523,0.113,1.571,0.0132,0.2384,44.2,Worn,0
1361,15746.8,1178,149.3,1.6,0.3,20,11.27,15.26,55.9,30.6,25.5,0.1865,0.1577,0.0502,1.899,0.0241,0.253,41.4,Worn,0
1362,15758.8,1360,226.0,0.42,0.34,33.1,11.99,18.81,58.9,28.3,25.9,0.0952,0.1172,0.0352,2.343,0.0194,0.2114,49.5,Worn,0
1363,15767.5,1283,138.4,2.19,0.32,31.2,14.03,18.5,58.3,28.6,24.6,0.1897,0.0988,0.0692,2.108,0.0249,0.2462,49.1,Worn,0
1364,15777.6,1450,172.6,1.2,0.36,36.9,14.49,17.24,67.5,28.7,27.6,0.1887,0.0712,0.1283,1.699,0.0147,0.2251,39.9,Worn,0
1365,15788.0,1276,245.9,1.9,0.32,54.3,13.41,19.44,58.3,30.0,26.4,0.1728,0.1374,0.0943,1.774,0.0203,0.2344,43.0,Worn,0
1366,15799.5,1329,194.2,1.56,0.33,36.4,13.69,18.5,61.4,28.7,28.2,0.1547,0.1369,0.0285,2.162,0.0231,0.2652,45.5,Worn,0
1367,15810.3,1116,243.4,2.0,0.28,38.0,12.75,17.57,62.9,26.4,28.6,0.1367,0.0696,0.1185,1.985,0.0151,0.2684,47.1,Worn,0
1368,15825.0,1156,180.1,0.76,0.29,30.6,12.19,17.16,65.2,30.0,30.3,0.1296,0.0612,0.0887,1.951,0.0231,0.2342,48.5,Worn,0
1369,15835.1,1147,173.4,2.12,0.29,37.9,12.6,15.89,56.3,27.4,23.7,0.1579,0.0972,0.1275,1.735,0.0293,0.2336,49.4,Worn,0
1370,15850.1,1144,141.2,1.42,0.29,31.3,13.26,15.98,58.0,29.6,27.1,0.2132,0.1442,0.0909,2.237,0.0188,0.2758,50.0,Worn,0
1371,15862.5,1134,189.8,2.2,0.29,21.0,11.99,15.58,58.4,26.9,28.2,0.2798,0.1253,0.1096,1.927,0.0211,0.2384,44.5,Worn,0
1372,15875.9,1127,196.0,1.16,0.28,34.9,13.09,17.44,60.6,26.3,31.1,0.1549,0.1395,0.0799,1.568,0.0116,0.2284,42.7,Worn,0
1373,15884.1,1232,190.6,2.19,0.31,39.2,14.1,17.51,56.4,27.7,26.9,0.1967,0.1914,0.1114,2.322,0.021,0.2775,43.5,Worn,0
1374,15895.6,904,182.6,1.42,0.23,30.0,12.38,18.48,56.1,28.9,27.0,0.1314,0.1513,0.0948,2.124,0.0205,0.227,49.5,Worn,0
1375,15907.4,1152,200.0,1.27,0.29,39.1,12.38,19.06,60.7,28.3,28.7,0.2722,0.0981,0.1388,1.649,0.0256,0.2413,43.2,Worn,0
1376,15918.6,1009,136.8,1.81,0.25,25.5,12.21,17.31,54.8,26.3,29.9,0.0401,0.1201,0.1173,1.91,0.0167,0.2262,45.1,Worn,0
1377,15932.1,1161,203.1,1.38,0.29,34.5,12.26,18.75,59.5,30.4,24.0,0.1885,0.1311,0.0416,2.362,0.0248,0.2274,42.0,Worn,0
1378,15946.3,1074,210.5,2.05,0.27,25.8,12.77,16.91,62.4,27.2,30.2,0.1315,0.1418,0.0371,1.962,0.0273,0.2324,44.9,Worn,0
1379,15955.4,1051,205.6,1.4,0.26,42.0,12.34,18.05,55.8,26.8,28.7,0.2069,0.0874,0.0558,1.877,0.0205,0.2695,43.7,Worn,0
1380,15969.8,1429,166.4,1.27,0.36,38.1,13.44,17.1,69.9,32.1,25.7,0.1815,0.0929,0.0386,2.027,0.1236,0.2552,43.4,Worn,3
1381,15978.9,1229,213.2,1.77,0.31,47.1,13.03,19.81,59.8,26.0,26.3,0.214,0.1856,0.0247,1.658,0.0301,0.2427,49.8,Worn,0
1382,15991.4,1250,197.5,1.57,0.31,47.1,13.15,17.8,63.6,29.7,23.1,0.2424,0.035,0.0275,1.848,0.0256,0.2427,51.5,Worn,0
1383,16001.2,1249,246.2,1.2,0.31,39.4,12.32,19.51,61.9,28.2,30.2,0.2637,0.1411,0.1052,2.13,0.0239,0.2543,43.8,Worn,0
1384,16013.0,1264,156.0,0.82,0.32,32.2,12.22,17.48,60.2,27.0,28.4,0.236,0.1764,0.0536,2.011,0.0224,0.2369,52.6,Worn,0
1385,16023.8,1598,176.7,1.02,0.4,45.8,13.67,17.3,64.1,31.1,27.8,0.209,0.1126,0.0901,1.872,0.0166,0.2029,46.1,Worn,0
1386,16035.2,1254,172.3,2.35,0.32,31.6,12.65,16.62,59.2,25.7,26.6,0.233,0.0966,0.1056,1.545,0.0209,0.1944,49.9,Worn,0
1387,16043.7,1286,128.5,0.85,0.32,29.1,13.31,15.71,61.1,28.2,24.5,0.1236,0.1181,0.102,2.388,0.0197,0.2596,45.9,Worn,0
1388,16052.0,1072,175.6,1.41,0.27,30.8,12.61,16.35,59.5,28.7,26.8,0.1707,0.1664,0.129,2.068,0.0316,0.2727,50.5,Worn,0
1389,16060.5,1280,162.5,0.8,0.32,43.3,13.6,17.27,60.9,28.7,25.7,0.177,0.1067,0.04,2.259,0.0152,0.229,44.2,Worn,0
1390,16070.5,858,161.1,1.52,0.22,36.2,11.66,16.27,57.5,24.8,28.6,0.2098,0.0928,0.1072,1.939,0.022,0.2664,45.6,Worn,0
1391,16079.5,1082,182.2,1.31,0.27,28.7,12.64,15.74,61.0,29.3,25.1,0.2267,0.1609,0.067,1.572,0.024,0.2353,48.5,Worn,0
1392,16087.8,1250,165.8,1.44,0.31,27.6,13.11,16.41,58.4,26.2,27.3,0.2378,0.1945,0.0469,2.327,0.0262,0.2457,52.0,Worn,0
1393,16100.2,1108,199.1,1.8,0.28,41.0,13.06,18.8,56.8,29.6,26.3,0.283,0.0194,0.1548,2.281,0.023,0.2502,44.0,Worn,0
1394,16110.3,1305,127.9,1.3,0.33,32.7,12.91,15.53,54.1,32.3,26.1,0.1749,0.091,0.1184,2.234,0.022,0.2623,44.3,Worn,0
1395,16123.8,892,187.8,1.49,0.22,40.2,11.74,19.65,65.6,26.4,28.6,0.1533,0.1548,0.0838,2.234,0.0265,0.2343,42.9,Worn,0
1396,16138.1,1345,147.8,1.78,0.34,25.5,12.82,17.42,62.8,31.3,23.2,0.124,0.0744,0.0862,1.657,0.0164,0.2135,44.9,Worn,0
1397,16146.6,1146,147.3,1.29,0.29,35.6,12.54,17.34,61.3,30.0,27.4,0.1666,0.1123,0.0931,1.802,0.0243,0.2591,40.9,Worn,0
1398,16156.4,1396,108.8,2.01,0.35,28.7,14.06,15.0,64.6,27.7,32.1,0.1493,0.1659,0.1046,2.109,0.0137,0.2533,39.6,Worn,0
1399,16168.9,1123,177.9,1.28,0.28,31.4,12.35,15.93,57.5,30.6,22.6,0.1535,0.0918,0.063,1.97,0.0245,0.2719,47.4,Worn,0
1400,16181.7,1263,127.9,1.82,0.32,38.7,12.89,16.11,61.2,27.8,27.2,0.1747,0.0982,0.0538,1.904,0.0294,0.2474,44.0,Worn,0
1401,16194.7,1095,155.9,1.72,0.28,28.2,12.84,16.69,56.9,27.6,26.4,0.2074,0.1082,0.0903,1.722,0.0136,0.264,48.8,Worn,0
1402,16206.1,1345,216.8,1.89,0.34,38.2,13.32,18.66,64.3,26.6,26.2,0.2297,0.0678,0.0617,1.9,0.0209,0.2799,40.7,Worn,0
1403,16219.6,1165,162.8,0.9,0.29,37.4,12.97,18.63,60.1,27.7,28.5,0.2405,0.084,0.1731,2.059,0.0248,0.2386,48.1,Worn,0
1404,16230.6,1276,191.2,1.38,0.32,43.8,13.0,18.64,62.9,27.7,27.7,0.2161,0.129,0.0991,2.289,0.0235,0.2449,46.5,Worn,0
1405,16238.8,1163,152.3,1.19,0.29,42.8,12.89,19.32,64.9,29.2,24.3,0.2272,0.1068,0.1263,1.833,0.0221,0.2096,46.7,Worn,0
1406,16247.9,1314,125.5,1.7,0.33,39.3,12.92,18.49,55.9,31.3,24.2,0.1319,0.1735,0.0866,1.879,0.0141,0.2476,43.0,Worn,0
1407,16262.6,1569,146.2,0.89,0.39,24.1,13.81,17.0,59.9,28.6,32.0,0.162,0.1044,0.0861,2.254,0.0209,0.2697,48.1,Worn,0
1408,16276.5,975,201.0,2.02,0.25,46.7,12.27,20.67,63.4,30.1,27.0,0.1931,0.1252,0.1048,1.434,0.0206,0.227,47.4,Worn,0
1409,16288.4,995,216.0,1.29,0.25,27.7,11.69,18.16,57.1,27.9,24.3,0.1956,0.1303,0.0792,1.996,0.0185,0.2078,49.9,Worn,0
1410,16301.6,1343,140.5,1.13,0.34,29.6,13.53,17.81,57.7,26.9,28.0,0.1294,0.1141,0.043,1.844,0.0299,0.2231,44.9,Worn,0
1411,16314.7,1435,209.2,1.25,0.36,41.7,15.0,18.53,57.0,29.2,28.9,0.1723,0.1191,0.1351,1.338,0.0081,0.1948,43.3,Worn,0
1412,16323.8,1414,180.5,0.94,0.36,31.0,14.03,18.21,61.1,27.5,23.9,0.2407,0.1289,0.1189,1.916,0.0244,0.2625,46.7,Worn,0
1413,16334.9,1389,146.3,0.47,0.35,22.9,12.9,16.3,59.1,25.4,27.3,0.2258,0.1065,0.0589,2.141,0.0165,0.2273,45.0,Worn,0
1414,16345.5,1292,160.0,1.32,0.32,35.2,12.85,19.43,62.6,28.8,26.6,0.8639,0.4793,0.1852,5.34,0.0905,0.2306,46.8,Worn,2
1415,16354.5,1185,164.2,0.5,0.3,31.3,11.91,16.76,64.2,29.9,28.4,0.1576,0.1133,0.1017,2.034,0.0192,0.2171,39.5,Worn,0
1416,16363.3,1164,213.6,1.94,0.29,47.9,12.76,19.81,59.8,26.5,29.2,0.3357,0.1449,0.0817,2.288,0.0252,0.266,41.4,Worn,0
1417,16375.4,1102,173.6,1.73,0.28,28.3,13.02,17.61,64.5,27.5,29.4,0.1825,0.1061,0.102,1.952,0.0241,0.2244,45.4,Worn,0
1418,16385.0,1271,201.5,2.58,0.32,26.0,12.97,14.9,64.8,26.3,28.0,0.1216,0.1165,0.0947,1.817,0.0081,0.1941,46.1,Worn,0
1419,16397.2,1140,191.7,1.89,0.29,46.5,14.07,18.9,62.4,27.9,24.8,0.2515,0.0391,0.0949,1.868,0.0295,0.2436,46.6,Worn,0
1420,16407.8,1159,176.5,1.43,0.29,53.1,13.1,19.19,60.1,27.0,26.7,0.2081,0.1676,0.052,1.845,0.0247,0.2555,45.9,Worn,0
1421,16421.2,994,183.7,1.16,0.25,31.1,12.94,17.91,53.5,27.6,28.1,0.235,0.1766,0.0877,2.052,0.0198,0.2514,49.4,Worn,0
1422,16430.9,1056,171.8,1.45,0.27,29.1,12.51,18.88,62.4,35.1,27.2,0.1495,0.069,0.1157,1.88,0.1736,0.2271,39.0,Worn,3
1423,16444.5,1110,166.2,1.46,0.28,34.6,12.2,17.45,53.8,29.4,23.7,0.1192,0.0768,0.1067,2.087,0.0276,0.2623,43.3,Worn,0
1424,16457.1,945,143.3,1.44,0.24,26.9,12.42,17.95,61.6,27.0,26.9,0.2416,0.0588,0.0727,1.709,0.0212,0.2162,43.2,Worn,0
1425,16471.7,1165,190.7,1.43,0.29,30.5,13.42,17.61,67.8,33.9,23.5,0.2176,0.0391,0.0659,1.554,0.1168,0.235,46.1,Worn,3
1426,16485.4,1100,185.3,1.69,0.28,35.5,13.07,18.39,61.6,30.7,26.6,0.1939,0.0774,0.0876,1.751,0.0109,0.2562,47.8,Worn,0
1427,16499.4,1309,171.0,1.11,0.33,27.9,14.09,18.6,65.2,29.7,27.0,0.7268,0.6016,0.3542,4.536,0.0802,0.271,45.6,Worn,2
1428,16513.3,1290,181.9,1.52,0.32,26.3,13.74,17.26,72.7,34.5,27.1,0.1301,0.1114,0.0748,1.91,0.0472,0.2505,48.2,Worn,3
1429,16521.9,1134,207.1,1.25,0.29,39.3,12.08,17.18,62.5,25.9,25.8,0.1748,0.1502,0.0942,2.111,0.0152,0.2699,46.1,Worn,0
1430,16534.5,1141,188.0,2.4,0.29,33.7,12.9,18.27,62.9,26.5,26.2,0.1909,0.1454,0.0982,1.962,0.0295,0.2284,45.2,Worn,0
1431,16546.2,1440,220.0,1.01,0.36,38.7,13.81,18.04,63.2,31.4,25.8,0.1462,0.1662,0.0696,1.485,0.0338,0.2524,46.3,Worn,0
1432,16555.8,1133,158.3,1.12,0.28,31.8,12.6,16.22,54.5,27.7,25.1,0.2652,0.0748,0.0912,1.716,0.0279,0.2449,42.9,Worn,0
1433,16568.7,1119,170.3,0.72,0.28,20,12.5,16.02,69.1,28.5,29.5,0.1626,0.1599,0.1105,2.206,0.0134,0.255,44.4,Worn,0
1434,16580.1,1141,112.0,1.72,0.29,47.5,13.0,17.06,55.4,26.9,25.3,0.1589,0.1251,0.0622,1.815,0.0253,0.2336,36.6,Worn,0
1435,16594.8,1185,199.9,1.98,0.3,44.6,13.87,20.68,63.4,29.0,25.0,0.2528,0.1784,0.1017,1.881,0.0192,0.2682,47.0,Worn,0
1436,16603.0,1135,142.2,0.79,0.29,22.9,11.94,15.38,60.0,26.4,32.3,0.1512,0.09,0.151,2.063,0.0156,0.2404,45.6,Worn,0
1437,16615.2,1218,224.0,0.74,0.31,37.4,12.65,17.3,63.5,28.4,26.5,0.2922,0.1336,0.0824,2.197,0.0211,0.2716,46.5,Worn,0
1438,16623.5,1531,216.5,1.75,0.38,24.2,14.38,17.3,63.3,27.9,30.4,0.1371,0.0863,0.0982,1.85,0.0286,0.2515,46.6,Worn,0
1439,16633.2,1436,194.3,0.92,0.36,34.1,13.43,16.39,54.1,31.2,25.1,0.2143,0.0836,0.1129,2.455,0.0218,0.2653,52.4,Worn,0
1440,16641.7,1190,203.3,1.93,0.3,43.5,13.95,18.37,61.7,25.6,28.3,0.1935,0.131,0.1277,1.922,0.0145,0.2729,45.7,Worn,0
1441,16655.8,1303,182.7,2.06,0.33,41.3,12.46,18.67,60.9,28.6,28.4,0.2323,0.1576,0.0654,2.04,0.0126,0.2388,43.4,Worn,0
1442,16665.2,1376,158.6,2.21,0.35,41.3,13.82,17.85,59.6,28.8,28.7,0.1948,0.072,0.122,1.964,0.0208,0.249,42.8,Worn,0
1443,16676.0,1133,183.9,1.1,0.28,42.4,12.47,18.51,61.3,25.5,24.8,0.1761,0.1806,0.0764,1.959,0.0236,0.2373,52.9,Worn,0
1444,16689.6,1197,148.2,1.36,0.3,25.4,12.47,17.15,60.5,26.1,25.5,0.1548,0.1625,0.1133,1.813,0.0213,0.212,46.4,Worn,0
1445,16702.5,1017,155.5,1.26,0.26,22.1,12.39,16.53,61.5,28.9,27.7,0.171,0.0893,0.073,1.829,0.0171,0.2788,47.4,Worn,0
1446,16711.7,933,212.7,1.89,0.23,33.3,12.37,17.32,56.8,26.1,25.2,0.0945,0.1244,0.0758,2.012,0.0226,0.264,37.9,Worn,0
1447,16725.3,1295,233.3,2.27,0.33,32.7,14.38,18.22,61.4,30.8,28.2,0.3081,0.112,0.0697,2.148,0.0271,0.2456,46.1,Worn,0
1448,16736.9,1284,202.6,1.93,0.32,32.7,13.1,18.32,65.3,26.2,26.5,0.1923,0.1172,0.134,1.983,0.0219,0.2447,44.0,Worn,0
1449,16749.0,1258,199.8,1.36,0.32,31.7,13.94,16.95,56.7,28.4,28.2,0.106,0.1429,0.1405,1.944,0.0282,0.2035,44.3,Worn,0
1450,16759.0,1144,195.5,1.45,0.29,35.2,13.08,19.18,61.5,29.5,29.3,0.0854,0.1557,0.0717,1.551,0.012,0.225,43.3,Worn,0
1451,16768.1,1184,153.5,1.2,0.3,45.6,15.66,21.68,59.2,29.5,28.5,0.3019,0.2439,0.1696,6.051,0.1203,0.3035,46.6,Critical,1
1452,16783.1,1274,196.7,2.14,0.32,38.2,12.44,18.04,58.6,24.5,28.0,0.0546,0.0694,0.0918,1.954,0.0184,0.2524,44.0,Worn,0
1453,16797.8,1401,187.7,1.93,0.35,25.9,14.24,16.93,58.1,28.0,31.0,0.1789,0.1523,0.0888,2.231,0.0181,0.2579,52.9,Worn,0
1454,16808.5,1092,189.2,1.4,0.27,35.4,13.26,18.61,61.1,31.0,30.8,0.1947,0.0986,0.1058,1.856,0.0285,0.2384,45.4,Worn,0
1455,16817.2,1117,200.4,2.05,0.28,36.2,12.01,19.62,63.4,27.5,25.1,0.1553,0.0615,0.1257,1.668,0.0222,0.264,49.7,Worn,0
1456,16829.1,1369,190.5,0.4,0.34,28.1,11.56,17.04,58.4,29.2,27.0,0.1259,0.1883,0.0991,1.628,0.0211,0.2376,48.1,Worn,0
1457,16842.5,1484,214.6,1.62,0.37,20.5,13.08,16.7,61.7,29.9,28.1,0.1705,0.1185,0.0917,2.271,0.0203,0.242,47.8,Worn,0
1458,16857.2,1260,144.9,1.51,0.32,34.1,12.11,16.54,66.0,30.7,32.6,0.2034,0.2187,0.0682,1.687,0.0258,0.2563,49.7,Worn,0
1459,16867.3,1176,139.9,1.65,0.3,41.4,12.1,19.37,62.1,29.3,21.1,0.1905,0.0928,0.077,1.676,0.0116,0.2621,40.9,Worn,0
1460,16878.5,1359,174.2,1.5,0.34,48.7,13.51,20.28,59.7,28.5,26.7,0.1842,0.038,0.0482,1.858,0.0322,0.2518,39.1,Worn,0
1461,16887.8,1217,160.2,1.36,0.31,24.6,13.35,17.24,62.5,25.9,25.9,0.1534,0.1007,0.0639,1.983,0.0151,0.2537,39.4,Worn,0
1462,16897.8,1402,151.7,1.49,0.35,22.0,13.26,17.88,64.6,27.1,28.8,0.2634,0.141,0.102,1.693,0.0227,0.2255,43.5,Worn,0
1463,16910.5,1196,118.0,1.13,0.3,20.2,12.19,15.06,59.7,28.2,25.5,0.1862,0.1721,0.0722,2.191,0.0272,0.2675,47.2,Worn,0
1464,16923.5,1216,177.6,1.79,0.31,35.2,12.91,17.6,62.2,23.8,28.0,0.1256,0.052,0.0847,1.717,0.0284,0.2324,46.7,Worn,0
1465,16938.2,1011,191.8,1.81,0.25,23.4,13.51,18.31,50.7,29.5,28.3,0.255,0.0948,0.0901,2.294,0.0247,0.2751,49.9,Worn,0
1466,16952.7,1252,219.9,1.23,0.31,44.9,13.11,19.67,61.5,27.1,29.2,0.6742,0.626,0.2402,3.995,0.0726,0.25,49.5,Worn,2
1467,16966.3,1354,194.9,1.23,0.34,48.9,15.48,18.8,59.3,27.1,24.9,0.2014,0.1153,0.1276,2.038,0.0284,0.2866,44.1,Worn,0
1468,16975.6,1082,144.1,1.98,0.27,35.2,12.38,19.81,59.9,25.8,28.4,0.1135,0.2038,0.0645,2.31,0.022,0.262,50.2,Worn,0
1469,16988.7,1241,230.4,2.4,0.31,30.6,14.31,17.86,61.3,27.2,26.2,0.1662,0.1126,0.1,1.718,0.0195,0.2488,46.8,Worn,0
1470,16998.6,1076,182.0,1.59,0.27,28.1,10.99,19.8,61.5,30.0,27.5,0.1608,0.1229,0.0675,2.054,0.0186,0.2717,47.2,Worn,0
1471,17013.1,1252,142.8,1.72,0.31,21.3,12.93,15.38,57.4,27.6,23.5,0.2044,0.0904,0.0617,2.094,0.0222,0.2663,47.0,Worn,0
1472,17027.5,1242,194.9,2.07,0.31,33.4,13.84,17.94,60.2,27.9,28.9,0.1971,0.0862,0.0822,1.631,0.0154,0.2417,46.8,Worn,0
1473,17038.3,1156,149.5,1.04,0.29,35.0,13.06,14.75,64.3,25.6,25.7,0.1725,0.1943,0.1254,1.759,0.0214,0.2227,46.0,Worn,0
1474,17051.2,1269,153.0,1.08,0.32,43.2,13.02,17.86,58.5,26.2,26.2,0.1743,0.1274,0.131,1.862,0.0202,0.2625,48.9,Worn,0
1475,17059.5,993,127.7,2.13,0.25,36.9,12.87,18.04,67.7,31.9,27.9,0.1927,0.1369,0.0948,1.677,0.1023,0.2869,47.2,Worn,3
1476,17072.0,1101,133.7,1.72,0.28,25.3,12.24,16.08,58.5,28.8,25.8,0.1507,0.1229,0.0977,1.54,0.0293,0.2329,44.9,Worn,0
1477,17080.4,910,157.3,0.92,0.23,34.2,13.05,16.23,66.9,36.7,24.7,0.27,0.0609,0.1082,1.883,0.1114,0.2431,46.2,Worn,3
1478,17089.5,1049,132.2,1.5,0.26,33.2,15.0,19.99,60.8,26.2,27.0,0.2487,0.1236,0.058,6.692,0.1254,0.3181,49.7,Critical,1
1479,17100.4,1190,174.4,0.83,0.3,41.7,12.81,16.91,60.6,26.5,27.3,0.0713,0.1228,0.0878,2.117,0.026,0.2575,48.9,Worn,0
1480,17114.1,1162,157.3,1.31,0.29,43.2,12.48,16.07,61.6,26.9,26.7,0.0918,0.11,0.1251,1.898,0.0186,0.2599,49.8,Worn,0
1481,17123.1,1006,207.9,1.32,0.25,22.0,12.92,18.42,58.7,25.6,29.1,0.6054,0.4146,0.3634,5.857,0.0512,0.258,50.1,Worn,2
1482,17137.9,1096,194.9,0.7,0.28,37.8,12.73,18.47,63.9,27.8,29.5,0.0884,0.2075,0.0788,1.72,0.0246,0.2741,43.8,Worn,0
1483,17151.7,1216,167.8,0.63,0.31,21.6,13.12,18.6,59.9,27.7,25.0,0.6866,0.3731,0.3724,4.784,0.0891,0.2447,48.5,Worn,2
1484,17164.3,1192,170.1,1.56,0.3,32.5,13.23,16.95,55.6,27.8,27.8,0.3078,0.1559,0.1475,2.248,0.0186,0.2627,49.5,Worn,0
1485,17176.3,1425,180.1,1.68,0.36,36.2,14.39,17.98,72.0,32.2,22.8,0.1897,0.1801,0.0956,1.703,0.1465,0.2419,46.6,Worn,3
1486,17191.2,1352,237.0,0.65,0.34,38.2,12.22,17.67,62.3,26.6,26.0,0.2796,0.032,0.0897,1.723,0.0177,0.2656,43.5,Worn,0
1487,17204.5,1116,204.2,1.26,0.28,25.0,12.77,16.89,57.4,26.8,31.6,0.2024,0.0441,0.1435,1.604,0.0209,0.2586,49.2,Worn,0
1488,17213.8,947,193.5,1.28,0.24,31.2,11.26,16.14,60.0,27.8,22.7,0.1805,0.1161,0.063,2.012,0.023,0.2405,44.9,Worn,0
1489,17227.2,1259,149.0,1.4,0.32,33.6,13.4,16.33,57.7,28.9,30.6,0.1536,0.1545,0.0881,2.108,0.026,0.2494,46.5,Worn,0
1490,17237.7,1195,206.9,1.02,0.3,30.8,13.31,16.87,59.0,30.3,29.1,0.2528,0.1417,0.058,2.008,0.0257,0.2489,48.9,Worn,0
1491,17246.2,1049,173.4,1.07,0.26,39.4,12.86,18.34,56.5,26.6,27.0,0.203,0.08,0.0751,1.523,0.0218,0.1988,40.8,Worn,0
1492,17259.0,1212,176.9,1.55,0.3,20,12.81,16.31,59.7,29.0,25.7,0.2229,0.054,0.028,2.45,0.03,0.2846,45.4,Worn,0
1493,17270.4,1278,122.1,1.46,0.32,30.7,14.19,16.61,62.6,29.2,27.0,0.1807,0.1641,0.1281,2.242,0.0243,0.2921,49.1,Worn,0
1494,17284.9,1018,99.7,1.62,0.26,32.7,12.01,18.05,63.5,28.9,29.0,0.2295,0.1051,0.1217,2.042,0.0237,0.2413,43.7,Worn,0
1495,17297.2,1042,160.0,1.06,0.26,37.2,12.64,17.44,60.6,23.0,22.8,0.1685,0.068,0.0826,2.185,0.0223,0.2567,43.7,Worn,0
1496,17312.2,1399,157.1,1.92,0.35,33.0,13.57,18.47,58.4,29.1,27.2,0.1552,0.2284,0.0843,1.755,0.0195,0.2556,48.1,Worn,0
1497,17324.4,967,204.9,1.38,0.24,38.3,14.8,23.92,56.0,32.4,28.8,0.152,0.1857,0.1096,5.202,0.1162,0.3046,48.3,Critical,1
1498,17332.6,1156,199.9,1.35,0.29,37.9,13.51,17.24,54.8,30.7,25.4,0.1957,0.1119,0.0528,2.304,0.0253,0.2814,48.3,Worn,0
1499,17342.6,906,196.5,0.81,0.23,42.8,11.31,18.99,55.5,24.6,27.2,0.2279,0.1318,0.131,1.883,0.0214,0.2651,48.0,Worn,0
1500,17352.7,1071,155.0,1.11,0.27,34.3,12.35,18.15,55.7,28.5,28.0,0.2827,0.0864,0.053,2.131,0.0253,0.2516,45.0,Worn,0
1501,17363.7,1530,197.6,1.78,0.38,25.5,14.69,17.87,65.0,26.4,26.7,0.2132,0.0961,0.1017,2.243,0.024,0.2276,45.6,Worn,0
1502,17373.3,1074,131.0,0.72,0.27,31.0,10.98,16.78,62.4,26.4,28.5,0.1565,0.1879,0.1351,1.994,0.0211,0.2283,43.1,Worn,0
1503,17385.1,1437,234.5,1.3,0.36,21.7,13.63,19.89,61.1,25.4,27.3,0.2062,0.0825,0.1334,2.13,0.027,0.2672,48.2,Worn,0
1504,17395.9,1146,161.4,1.6,0.29,46.2,12.38,18.14,62.2,29.0,29.7,0.2417,0.0594,0.0487,2.334,0.0204,0.2399,46.7,Worn,0
1505,17409.3,1326,189.3,1.3,0.33,41.4,14.25,18.58,58.7,25.5,30.8,0.0757,0.1482,0.0832,1.865,0.0239,0.2511,47.2,Worn,0
1506,17419.1,1233,100.5,1.32,0.31,41.3,13.92,15.49,62.0,27.5,27.1,0.2211,0.1453,0.1266,1.886,0.0253,0.2837,45.4,Worn,0
1507,17433.8,1074,210.7,0.98,0.27,22.8,11.15,16.36,59.6,29.6,26.6,0.1293,0.0448,0.0892,2.133,0.0243,0.2403,42.2,Worn,0
1508,17447.0,1263,225.6,1.39,0.32,32.9,13.37,19.23,60.8,26.9,27.6,0.1628,0.092,0.0679,1.783,0.0154,0.2577,51.0,Worn,0
1509,17459.7,1184,197.4,1.43,0.3,44.1,14.15,19.47,75.1,33.6,26.8,0.2392,0.163,0.0769,1.857,0.153,0.2891,46.1,Worn,3
1510,17473.0,1266,196.8,1.19,0.32,43.0,15.79,23.43,59.1,28.4,29.2,0.2763,0.1363,0.1189,6.208,0.1326,0.3038,46.7,Critical,1
1511,17485.5,1114,185.6,1.52,0.28,31.9,13.45,15.57,56.3,26.6,28.9,0.1175,0.0971,0.0702,2.19,0.0176,0.256,47.7,Worn,0
1512,17499.7,1102,218.8,1.35,0.28,27.7,13.57,18.33,54.0,25.4,26.0,0.2515,0.0982,0.13,1.779,0.015,0.2384,49.7,Worn,0
1513,17514.0,1417,234.7,2.29,0.36,29.0,14.35,18.23,61.3,27.1,26.1,0.1467,0.2031,0.0428,1.651,0.0299,0.2689,46.1,Worn,0
1514,17524.2,1294,187.5,1.65,0.33,23.5,13.96,16.76,58.5,29.2,26.6,0.1699,0.0599,0.0924,1.977,0.024,0.2453,50.3,Worn,0
1515,17532.9,1428,261.3,1.74,0.36,30.4,14.64,18.06,60.1,28.0,28.2,0.1606,0.0472,0.1131,1.838,0.0239,0.2639,44.1,Worn,0
1516,17546.7,1287,209.4,1.29,0.32,44.5,13.65,19.39,59.0,29.0,28.4,0.2434,0.1226,0.0281,1.786,0.023,0.2608,41.6,Worn,0
1517,17560.2,1236,204.4,2.57,0.31,30.0,14.54,16.82,56.7,29.6,25.7,0.1523,0.1329,0.0938,2.285,0.0251,0.2635,51.3,Worn,0
1518,17569.0,1226,184.6,1.59,0.31,37.9,13.63,17.97,60.6,24.4,23.7,0.2396,0.1357,0.0787,1.824,0.0286,0.261,45.5,Worn,0
1519,17579.6,967,208.6,1.61,0.24,38.3,13.54,19.03,69.7,30.6,25.6,0.1945,0.1616,0.1194,1.602,0.1453,0.2387,49.5,Worn,3
1520,17593.8,1078,155.3,2.58,0.27,33.9,13.17,17.14,53.3,28.8,27.5,0.0953,0.1174,0.0833,1.601,0.0302,0.2584,48.2,Worn,0
1521,17607.9,1383,211.1,1.52,0.35,33.3,13.69,17.01,60.6,24.6,26.6,0.1274,0.1819,0.0623,1.909,0.0231,0.2775,46.0,Worn,0
1522,17620.8,1013,226.3,1.22,0.25,36.5,11.63,19.21,58.2,30.6,28.3,0.2297,0.0672,0.0931,1.671,0.0278,0.2815,43.4,Worn,0
1523,17635.0,1213,97.8,2.48,0.3,31.4,13.67,17.0,60.0,26.6,26.1,0.2654,0.079,0.1196,1.678,0.0281,0.2679,45.2,Worn,0
1524,17647.2,1252,167.5,1.53,0.31,29.4,13.15,18.2,60.6,29.4,26.2,0.2298,0.1326,0.09,2.0,0.0224,0.2618,47.8,Worn,0
1525,17656.8,1446,189.6,1.24,0.36,43.4,13.5,18.05,59.0,26.3,29.8,0.2114,0.0808,0.1267,1.963,0.0159,0.2503,50.1,Worn,0
1526,17667.0,978,168.1,1.3,0.25,25.7,13.21,18.52,54.3,29.0,21.9,0.2329,0.0965,0.1154,2.146,0.025,0.2585,50.0,Worn,0
1527,17678.0,883,162.6,1.06,0.22,32.3,12.01,17.02,60.7,27.9,28.9,0.1604,0.1588,0.1011,2.135,0.0224,0.2466,42.1,Worn,0
1528,17691.2,1311,171.8,1.14,0.33,40.8,13.6,17.08,61.3,29.4,28.3,0.1608,0.1654,0.1298,2.053,0.0219,0.272,49.2,Worn,0
1529,17701.0,1342,195.5,0.9,0.34,31.6,13.13,16.39,66.6,30.6,23.8,0.2335,0.1422,0.115,1.602,0.0206,0.2599,50.0,Worn,0
1530,17709.1,1132,203.7,1.23,0.28,29.3,13.4,17.11,65.4,28.7,23.2,0.1864,0.1636,0.1443,2.131,0.023,0.2584,45.3,Worn,0
1531,17718.5,1362,148.6,1.26,0.34,29.9,15.84,22.46,60.2,32.2,29.7,0.2284,0.1441,0.1021,5.912,0.1095,0.3065,46.4,Critical,1
1532,17728.1,934,172.4,1.19,0.23,36.1,12.55,18.06,63.9,28.2,28.9,0.1838,0.1068,0.04,2.104,0.0142,0.2744,43.1,Worn,0
1533,17740.5,1463,187.1,1.53,0.37,36.8,14.45,18.88,62.2,27.5,25.5,0.247,0.0766,0.1139,1.669,0.0191,0.2626,46.0,Worn,0
1534,17752.2,1199,203.9,2.21,0.3,20.3,13.24,16.46,56.0,28.7,26.3,0.2052,0.0702,0.0749,1.95,0.017,0.2703,47.8,Worn,0
1535,17765.4,1080,191.8,1.61,0.27,37.6,13.27,17.5,59.6,28.3,27.0,0.0807,0.167,0.1381,1.615,0.0201,0.2669,41.8,Worn,0
1536,17778.4,1630,218.4,1.6,0.41,41.6,14.92,19.46,63.6,28.3,28.4,0.2012,0.1475,0.0855,1.703,0.0236,0.238,41.3,Worn,0
1537,17791.5,1112,138.0,1.67,0.28,36.0,12.39,16.93,56.7,31.1,26.0,0.1866,0.1986,0.1266,2.108,0.0237,0.2942,42.5,Worn,0
1538,17806.0,1161,203.1,1.25,0.29,20.1,13.63,16.53,54.4,31.2,24.2,0.1903,0.1465,0.1081,2.397,0.0244,0.2834,49.3,Worn,0
1539,17817.3,1103,203.7,0.23,0.28,36.3,12.69,15.86,60.7,28.7,27.5,0.1538,0.1177,0.0785,2.157,0.0221,0.2788,37.4,Worn,0
1540,17831.2,1452,123.0,2.08,0.37,32.0,14.02,19.4,67.0,29.2,28.2,0.1488,0.1378,0.0871,1.882,0.0302,0.2427,44.3,Worn,0
1541,17839.9,1046,162.4,1.99,0.26,38.9,12.62,17.98,54.1,25.5,26.7,0.1537,0.0905,0.0845,2.136,0.0259,0.2584,43.5,Worn,0
1542,17854.9,1006,110.4,0.79,0.25,29.4,11.58,15.89,60.6,29.1,26.5,0.1805,0.0555,0.0829,1.726,0.0287,0.2666,45.6,Worn,0
1543,17869.7,1205,149.4,1.02,0.3,30.4,13.07,16.95,65.8,37.8,26.8,0.1514,0.0899,0.1137,1.507,0.0926,0.2476,46.5,Worn,3
1544,17883.0,1161,166.0,1.99,0.29,43.0,12.34,18.74,59.1,29.4,27.4,0.1624,0.1182,0.0561,1.886,0.0279,0.2762,42.3,Worn,0
1545,17893.9,1142,130.4,1.51,0.29,20,11.98,16.72,57.3,27.8,28.6,0.2235,0.1709,0.0459,2.081,0.0218,0.2711,47.8,Worn,0
1546,17905.7,1432,127.6,1.68,0.36,42.3,13.34,17.11,61.9,25.6,28.8,0.237,0.1489,0.0975,2.178,0.0265,0.2915,47.3,Worn,0
1547,17920.7,1177,213.8,1.03,0.3,47.8,13.23,20.0,59.2,29.4,26.9,0.2001,0.1956,0.0333,1.871,0.0257,0.2751,50.7,Worn,0
1548,17930.5,1362,240.4,1.77,0.34,33.3,16.33,22.05,65.5,27.8,25.6,0.3241,0.2029,0.1404,6.072,0.0878,0.3146,47.8,Critical,1
1549,17941.7,1195,151.3,1.94,0.3,43.9,13.71,19.68,54.6,24.3,29.7,0.0832,0.1704,0.102,2.446,0.0323,0.2813,49.3,Worn,0
1550,17951.4,1279,179.3,1.13,0.32,33.5,13.94,17.78,58.4,27.4,25.9,0.1802,0.0927,0.1433,2.182,0.0278,0.2432,46.7,Worn,0
1551,17964.4,1310,136.5,1.47,0.33,32.4,13.28,17.06,59.8,28.5,28.4,0.1855,0.0595,0.0649,1.848,0.0235,0.2457,42.8,Worn,0
1552,17978.1,1230,203.6,0.95,0.31,43.1,12.78,18.5,61.3,24.9,26.5,0.1214,0.0723,0.0843,2.181,0.0279,0.2878,44.8,Worn,0
1553,17992.7,1067,167.2,2.59,0.27,37.3,14.18,18.95,61.5,26.7,24.9,0.192,0.1749,0.1036,1.829,0.0199,0.26,47.8,Worn,0
1554,18003.0,1152,138.9,0.95,0.29,38.6,13.65,19.53,66.5,28.8,30.5,0.2461,0.1329,0.059,2.077,0.0272,0.2989,43.6,Worn,0
1555,18017.4,1120,147.5,1.56,0.28,40.4,13.45,16.82,52.6,29.0,23.7,0.1461,0.0615,0.0932,1.961,0.0189,0.2705,46.2,Worn,0
1556,18028.4,1375,145.8,0.94,0.35,33.3,13.36,18.26,56.4,25.8,25.9,0.1814,0.1712,0.0639,1.771,0.0181,0.2743,49.1,Worn,0
1557,18042.6,1384,180.2,1.59,0.35,39.1,13.23,17.78,58.3,22.8,24.4,0.1894,0.1739,0.0398,2.01,0.0232,0.2604,41.3,Worn,0
1558,18052.7,1258,216.8,1.22,0.32,46.9,13.33,18.78,60.1,30.3,30.2,0.208,0.1222,0.1017,2.099,0.0242,0.2541,42.5,Worn,0
1559,18062.1,1150,161.3,1.49,0.29,30.2,12.52,16.95,57.2,26.4,27.0,0.2115,0.2288,0.0633,1.646,0.0249,0.27,47.2,Worn,0
1560,18075.7,1166,176.2,2.0,0.29,35.7,14.3,18.46,61.8,29.9,26.0,0.1923,0.0371,0.0762,2.1,0.0248,0.2439,44.1,Worn,0
1561,18087.0,1111,202.2,1.66,0.28,33.7,15.2,22.59,61.2,31.0,25.3,0.2151,0.1234,0.145,5.931,0.1216,0.3086,46.0,Critical,1
1562,18097.0,1202,124.9,1.41,0.3,26.9,16.75,20.11,63.0,27.3,26.8,0.2714,0.0509,0.1207,5.798,0.1207,0.3101,44.9,Critical,1
1563,18111.6,1332,185.0,0.67,0.33,41.9,12.54,16.13,56.6,26.6,26.6,0.1447,0.1302,0.0892,2.139,0.0239,0.2844,47.0,Worn,0
1564,18125.3,992,177.9,1.1,0.25,34.8,11.92,17.08,56.8,29.6,22.3,0.2385,0.1996,0.0718,1.934,0.0176,0.2734,51.7,Worn,0
1565,18135.8,1002,172.8,1.59,0.25,38.5,12.52,17.72,58.9,27.2,28.5,0.1447,0.0928,0.1153,1.716,0.0225,0.2867,46.1,Worn,0
1566,18149.4,1236,209.6,1.09,0.31,38.2,13.2,18.72,61.8,29.5,26.9,0.1126,0.0927,0.0636,1.685,0.0207,0.2713,38.0,Worn,0
1567,18161.3,1051,199.2,1.64,0.26,33.6,13.78,19.68,61.3,29.7,28.8,0.5733,0.219,0.5079,4.56,0.0974,0.2477,45.6,Worn,2
1568,18172.9,1198,180.7,1.66,0.3,31.3,13.83,18.03,60.2,27.5,28.8,0.0545,0.142,0.1143,2.377,0.0307,0.2534,47.2,Worn,0
1569,18181.3,1197,136.3,1.78,0.3,38.6,12.62,18.49,57.9,25.3,25.6,0.1757,0.0665,0.1097,1.815,0.0236,0.2505,42.2,Worn,0
1570,18193.0,1339,195.7,1.41,0.34,32.3,13.17,18.49,65.2,30.5,26.3,0.1612,0.0519,0.1163,2.035,0.0211,0.2776,44.8,Worn,0
1571,18204.4,1259,172.7,1.3,0.32,37.2,13.72,18.03,59.8,30.7,24.1,0.1852,0.1091,0.1783,1.898,0.0223,0.2633,48.8,Worn,0
1572,18213.9,1241,171.6,1.92,0.31,31.0,13.15,18.63,62.8,32.5,23.6,0.253,0.0804,0.0872,1.938,0.018,0.2566,40.9,Worn,0
1573,18226.5,1621,131.6,0.87,0.41,26.8,14.46,17.54,62.8,23.9,25.9,0.1668,0.1015,0.0688,1.992,0.0296,0.2949,42.5,Worn,0
1574,18236.1,1076,127.8,1.74,0.27,32.6,12.78,17.85,61.7,28.6,27.8,0.1641,0.1776,0.0591,2.263,0.0162,0.2831,43.8,Worn,0
1575,18248.9,1048,84.0,1.81,0.26,20.8,13.0,16.58,58.6,27.5,27.7,0.19,0.1298,0.0964,1.831,0.0197,0.2984,49.3,Worn,0
1576,18260.5,1101,193.5,1.99,0.28,42.4,13.12,18.4,59.1,24.7,24.2,0.1762,0.1922,0.0691,2.003,0.0224,0.2726,45.2,Worn,0
1577,18271.5,1144,201.6,1.57,0.29,33.6,11.73,19.59,60.8,27.2,24.9,0.1514,0.1559,0.0474,2.151,0.0279,0.2538,44.0,Worn,0
1578,18284.0,1319,165.8,1.24,0.33,27.4,15.53,19.55,58.0,29.8,24.8,0.2888,0.1487,0.1623,6.881,0.1104,0.3119,42.8,Critical,1
1579,18296.4,1164,209.8,1.37,0.29,37.1,13.17,21.69,66.1,26.2,28.3,0.5555,0.6328,0.3861,4.565,0.0902,0.2613,44.1,Worn,2
1580,18310.7,1374,219.2,1.42,0.35,31.1,14.17,16.54,59.7,28.2,25.3,0.1407,0.1156,0.1472,1.493,0.0182,0.2938,44.0,Worn,0
1581,18322.9,1021,141.3,1.0,0.26,41.0,12.43,18.08,59.4,24.9,30.5,0.2124,0.1119,0.0865,2.24,0.0169,0.2901,44.5,Worn,0
1582,18331.9,1243,198.3,1.94,0.31,47.2,13.36,17.62,56.3,27.1,27.3,0.1964,0.1163,0.0905,2.06,0.0168,0.2726,45.5,Worn,0
1583,18342.4,1188,158.6,1.55,0.3,38.3,14.41,17.28,58.0,28.7,27.9,0.168,0.0577,0.1026,1.721,0.0175,0.2722,45.9,Worn,0
1584,18351.4,1286,163.5,1.47,0.32,48.2,12.96,20.98,61.4,30.1,26.0,0.1933,0.1807,0.0962,1.576,0.0248,0.2716,44.0,Worn,0
1585,18365.3,922,192.2,1.08,0.23,29.5,12.91,17.3,59.7,23.3,27.2,0.2514,0.0556,0.0548,1.815,0.0322,0.2709,45.5,Worn,0
1586,18377.9,1462,166.6,1.29,0.37,33.1,12.74,16.65,61.7,26.8,29.1,0.1411,0.1297,0.116,2.597,0.024,0.2573,44.7,Worn,0
1587,18386.8,1253,225.5,0.52,0.32,34.7,13.23,17.53,58.4,27.2,28.6,0.231,0.1385,0.0522,2.421,0.0275,0.2981,45.6,Worn,0
1588,18396.1,1245,181.5,1.5,0.31,42.2,14.75,17.37,61.2,26.6,28.3,0.2052,0.1258,0.0564,2.45,0.0321,0.2817,45.0,Worn,0
1589,18406.4,1141,146.6,2.02,0.29,40.6,12.28,17.52,61.4,28.7,28.8,0.18,0.0983,0.1203,2.194,0.0284,0.2992,49.4,Worn,0
1590,18414.6,1329,140.3,1.79,0.33,32.8,13.3,18.12,59.0,24.6,24.8,0.1485,0.1431,0.0832,2.025,0.0253,0.2916,43.7,Worn,0
1591,18429.1,1246,219.3,1.15,0.31,29.1,13.47,16.28,58.4,25.2,24.3,0.1585,0.1236,0.09,1.717,0.0247,0.2896,41.2,Worn,0
1592,18442.7,1159,203.7,1.12,0.29,29.5,12.84,15.97,59.0,29.2,25.1,0.0801,0.1754,0.1446,1.718,0.0222,0.2767,45.8,Worn,0
1593,18451.6,1066,209.9,1.19,0.27,35.0,12.07,19.94,61.1,28.3,28.2,0.2195,0.1945,0.0734,2.063,0.0267,0.2255,48.7,Worn,0
1594,18466.1,1085,189.3,1.55,0.27,38.9,13.36,17.1,60.1,27.6,24.7,0.1895,0.1203,0.0647,2.533,0.024,0.2606,47.5,Worn,0
1595,18481.1,1212,149.7,2.54,0.3,35.5,13.27,19.74,58.8,27.4,26.2,0.0799,0.0753,0.1124,2.245,0.0243,0.2561,42.9,Worn,0
1596,18495.1,1033,172.0,1.67,0.26,21.9,12.57,15.87,64.1,23.6,21.4,0.1527,0.1301,0.0942,2.213,0.0247,0.2895,39.7,Worn,0
1597,18505.9,1238,178.4,1.45,0.31,42.4,13.74,18.69,57.7,29.9,25.2,0.2261,0.1515,0.0683,2.2,0.0253,0.2808,51.6,Worn,0
1598,18517.0,1520,225.3,1.54,0.38,36.8,13.93,16.75,59.3,28.3,28.9,0.1369,0.0851,0.1167,2.123,0.0235,0.2683,47.4,Worn,0
1599,18527.3,1117,203.0,2.0,0.28,34.0,12.5,18.1,52.7,29.0,30.8,0.2066,0.1773,0.0718,1.827,0.0191,0.266,48.8,Worn,0
1600,18538.8,1024,188.8,1.12,0.26,36.1,12.13,17.63,63.1,26.8,26.3,0.2049,0.0731,0.1322,2.492,0.0248,0.2887,45.0,Worn,0
1601,18552.3,1314,227.6,1.66,0.33,30.9,14.21,18.12,60.5,28.2,27.9,0.1335,0.2176,0.0832,2.007,0.0314,0.2775,47.7,Worn,0
1602,18561.7,1374,173.8,1.59,0.35,37.6,15.99,22.2,57.7,29.6,23.6,0.3019,0.0903,0.2058,5.934,0.0966,0.3074,47.1,Critical,1
1603,18576.6,1094,147.2,2.45,0.27,47.0,12.72,18.4,59.9,22.7,28.6,0.1367,0.0998,0.1082,2.004,0.0179,0.2559,46.2,Worn,0
1604,18586.0,1254,203.3,1.44,0.32,32.6,12.36,16.78,57.7,26.3,24.1,0.1071,0.187,0.0714,1.968,0.0318,0.2608,46.4,Worn,0
1605,18599.3,1182,180.2,1.77,0.3,39.8,14.2,18.07,53.9,33.2,27.2,0.1395,0.1368,0.0443,1.929,0.0263,0.2768,45.7,Worn,0
1606,18613.4,1139,151.1,2.35,0.29,42.1,13.27,16.72,60.3,30.3,25.7,0.2383,0.0343,0.1714,1.898,0.0079,0.2513,40.8,Worn,0
1607,18624.3,1176,214.8,1.63,0.3,39.7,12.52,16.91,63.5,27.8,28.8,0.1027,0.1425,0.0726,1.959,0.0226,0.2429,47.0,Worn,0
1608,18636.4,1185,212.3,1.83,0.3,38.5,13.7,19.86,60.7,27.9,30.5,0.1832,0.1667,0.0874,1.68,0.0229,0.2586,45.5,Worn,0
1609,18649.4,1093,135.0,1.23,0.27,30.5,13.35,16.71,73.3,39.1,28.1,0.1322,0.1139,0.0704,2.215,0.0687,0.2854,45.7,Worn,3
1610,18661.2,1376,162.0,1.71,0.35,45.1,14.12,18.75,59.8,28.2,28.3,0.28,0.1035,0.0913,2.385,0.0349,0.282,46.1,Worn,0
1611,18675.3,1254,233.7,1.29,0.32,20.3,13.32,15.16,59.1,26.8,27.6,0.1671,0.1587,0.0838,2.109,0.0216,0.2793,49.1,Worn,0
1612,18688.2,1572,179.0,1.17,0.4,40.3,14.19,17.01,59.8,30.1,28.7,0.196,0.0585,0.0912,2.128,0.0155,0.2956,43.8,Worn,0
1613,18701.9,1261,184.3,1.7,0.32,43.4,16.34,23.54,59.7,29.7,25.5,0.2206,0.1399,0.1362,6.235,0.1063,0.3168,48.6,Critical,1
1614,18715.7,1095,190.4,1.58,0.28,41.9,12.2,20.3,60.2,26.1,29.8,0.1599,0.1002,0.1397,1.901,0.0164,0.2948,47.2,Worn,0
1615,18723.9,1049,200.9,1.16,0.26,46.6,12.3,19.19,60.8,29.5,25.6,0.2091,0.1358,0.1049,2.11,0.0234,0.2903,47.4,Worn,0
1616,18735.2,1058,212.6,1.17,0.27,34.1,13.1,17.56,59.2,30.1,25.8,0.2375,0.114,0.0983,1.662,0.0235,0.268,46.2,Worn,0
1617,18748.8,1023,204.3,1.57,0.26,36.3,13.9,19.2,56.5,27.7,24.6,0.6385,0.4393,0.3095,5.102,0.0869,0.2776,51.7,Worn,2
1618,18759.2,1279,247.3,1.34,0.32,40.8,13.38,18.24,58.8,29.7,25.1,0.1958,0.0928,0.0745,1.543,0.0173,0.2655,43.2,Worn,0
1619,18774.1,1210,253.0,0.91,0.3,40.8,12.85,17.16,58.5,33.5,23.1,0.1706,0.1154,0.1701,2.322,0.034,0.2703,45.7,Worn,0
1620,18782.4,1099,159.4,2.13,0.28,35.4,13.04,18.96,63.6,36.2,25.4,0.1231,0.0877,0.0745,2.063,0.1192,0.2718,47.3,Worn,3
1621,18797.1,1240,163.8,1.52,0.31,50.6,14.32,21.73,61.8,29.3,23.4,0.7187,0.2201,0.3312,5.37,0.0533,0.2708,47.6,Worn,2
1622,18805.9,1341,148.6,1.39,0.34,37.8,16.57,21.73,61.0,31.9,26.9,0.2852,0.1562,0.1558,5.858,0.1423,0.3013,44.9,Critical,1
1623,18820.0,1208,172.4,1.58,0.3,55.9,14.02,18.01,61.8,24.6,24.6,0.1278,0.0946,0.0898,1.974,0.0262,0.2994,43.9,Worn,0
1624,18833.1,1114,159.6,1.31,0.28,34.4,13.38,18.87,64.8,29.6,24.9,0.1954,0.1066,0.0564,1.858,0.0273,0.2996,51.3,Worn,0
1625,18843.6,1047,186.4,1.02,0.26,33.3,12.99,16.24,65.0,35.7,24.8,0.2019,0.0942,0.0603,1.532,0.154,0.2812,46.0,Worn,3
1626,18856.3,1052,227.5,1.54,0.26,25.4,11.81,17.64,60.9,26.6,27.9,0.1836,0.1558,0.0351,2.436,0.0234,0.2779,48.0,Worn,0
1627,18868.5,1031,220.2,0.92,0.26,26.5,13.87,20.23,54.8,24.7,28.1,0.215,0.259,0.079,5.763,0.1217,0.3021,47.4,Critical,1
1628,18880.0,988,223.9,0.94,0.25,47.0,11.22,18.97,63.0,27.7,26.8,0.2179,0.1325,0.0761,2.203,0.024,0.2951,48.7,Worn,0
1629,18894.8,1076,172.4,1.34,0.27,27.3,14.97,18.85,57.2,26.7,25.1,0.2898,0.2119,0.1424,5.519,0.1053,0.3208,52.9,Critical,1
1630,18909.4,1226,148.6,1.44,0.31,48.0,15.56,22.39,57.2,28.2,27.7,0.2382,0.2205,0.1707,5.959,0.1277,0.3019,49.1,Critical,1
1631,18919.3,855,181.5,1.56,0.21,32.5,12.68,16.51,63.3,31.2,25.3,0.2307,0.1091,0.0159,2.277,0.0199,0.2813,43.2,Worn,0
1632,18928.8,923,236.9,1.16,0.23,24.6,11.43,19.92,59.1,28.0,26.1,0.0956,0.1188,0.1091,1.897,0.0259,0.2987,46.9,Worn,0
1633,18940.1,1108,199.5,1.15,0.28,36.3,15.68,23.03,56.0,24.1,23.5,0.3233,0.1075,0.0811,6.378,0.1134,0.3008,48.1,Critical,1
1634,18954.8,1519,122.6,0.95,0.38,31.7,13.49,17.42,62.7,28.2,27.6,0.1669,0.127,0.0751,2.099,0.0183,0.2943,45.0,Worn,0
1635,18967.5,1208,200.9,1.23,0.3,32.4,14.36,18.64,60.4,25.2,22.9,0.405,0.3493,0.2306,4.733,0.0822,0.275,45.5,Worn,2
1636,18982.1,951,173.8,1.13,0.24,39.6,12.26,18.04,62.4,29.4,27.9,0.1777,0.0793,0.0837,2.211,0.0234,0.2588,48.0,Worn,0
1637,18995.2,1097,192.5,1.94,0.28,36.7,12.56,18.26,63.4,26.6,25.0,0.1542,0.0739,0.0347,1.809,0.0184,0.2545,47.7,Worn,0
1638,19005.1,1082,169.5,0.92,0.27,33.0,12.36,16.9,57.2,28.7,25.3,0.1402,0.1333,0.1156,2.583,0.0299,0.2696,49.1,Worn,0
1639,19013.2,1284,204.0,1.68,0.32,22.0,15.46,17.45,65.0,23.0,26.4,0.4,0.2816,0.1355,5.234,0.127,0.3137,48.0,Critical,1
1640,19026.7,1335,215.2,0.86,0.34,20,12.8,16.45,63.7,26.5,26.4,0.2545,0.1129,0.1232,1.876,0.0268,0.2772,47.4,Worn,0
1641,19038.1,1102,239.0,1.15,0.28,34.1,12.15,18.65,58.0,28.5,24.1,0.1371,0.0717,0.0973,2.041,0.0174,0.2805,43.2,Worn,0
1642,19051.7,1007,179.4,2.33,0.25,35.2,11.94,18.07,61.3,26.9,26.2,0.1494,0.1346,0.0619,2.416,0.0233,0.2669,46.4,Worn,0
1643,19060.5,1337,173.4,2.03,0.34,25.4,13.53,16.5,60.7,27.6,27.5,0.1476,0.1702,0.1567,2.151,0.0191,0.2905,50.5,Worn,0
1644,19070.9,1230,177.8,1.29,0.31,41.5,13.2,18.17,61.8,28.5,28.2,0.0871,0.0891,0.0589,2.203,0.027,0.299,46.7,Worn,0
1645,19083.9,1282,236.5,1.21,0.32,24.2,15.43,22.42,59.5,27.4,26.5,0.2613,0.1531,0.1117,6.021,0.1149,0.3032,47.5,Critical,1
1646,19092.4,1182,213.1,1.87,0.3,23.2,15.06,20.82,60.2,29.2,29.5,0.0932,0.2285,0.1354,5.728,0.1012,0.3108,44.5,Critical,1
1647,19106.8,1102,179.5,1.19,0.28,49.9,12.9,20.21,61.3,30.4,30.4,0.2123,0.1512,0.069,1.811,0.0246,0.2722,44.6,Worn,0
1648,19120.4,1250,211.7,1.41,0.31,43.5,13.6,18.95,58.2,26.3,27.8,0.1992,0.1004,0.0938,2.068,0.0278,0.2996,47.5,Worn,0
1649,19131.3,1089,208.2,1.3,0.27,37.2,12.82,18.11,63.6,27.3,27.1,0.1383,0.1298,0.1529,2.078,0.0246,0.2712,46.2,Worn,0
1650,19141.8,1197,122.4,1.33,0.3,27.1,13.64,18.67,64.0,29.7,28.1,0.7914,0.2817,0.4186,5.067,0.0868,0.2676,38.4,Worn,2
1651,19152.3,1256,142.4,1.58,0.32,47.2,12.44,20.64,58.8,26.0,28.1,0.2307,0.1349,0.0851,2.426,0.0238,0.292,47.8,Worn,0
1652,19161.1,1162,178.7,1.45,0.29,43.0,12.09,17.95,58.9,28.7,27.2,0.1969,0.0341,0.0787,2.472,0.021,0.2858,48.4,Worn,0
1653,19172.6,1212,166.6,1.3,0.3,31.8,13.4,16.53,64.2,26.9,28.3,0.0813,0.1374,0.1455,2.173,0.0248,0.2743,46.0,Worn,0
1654,19186.9,1388,215.2,1.46,0.35,43.7,13.79,18.78,61.6,28.8,25.3,0.1585,0.0669,0.0471,2.099,0.0361,0.2622,44.3,Worn,0
1655,19200.6,1419,128.7,1.14,0.36,27.6,13.69,15.57,62.9,30.7,27.6,0.0981,0.1226,0.1407,2.054,0.0216,0.268,44.8,Worn,0
1656,19210.2,1205,168.7,1.85,0.3,37.6,12.84,17.95,58.7,22.5,23.5,0.129,0.1604,0.1301,2.35,0.0237,0.2653,46.5,Worn,0
1657,19224.0,1192,171.2,1.12,0.3,45.3,12.91,19.02,65.3,25.1,27.6,0.2716,0.0224,0.0923,1.558,0.0274,0.2583,45.4,Worn,0
1658,19233.8,1210,184.3,0.94,0.3,32.3,12.29,15.74,62.5,31.7,26.5,0.1317,0.0611,0.0946,2.156,0.0151,0.264,44.8,Worn,0
1659,19245.7,901,175.3,1.49,0.23,33.2,12.01,17.23,62.4,28.3,26.3,0.1645,0.1226,0.0954,1.592,0.0211,0.253,47.1,Worn,0
1660,19258.5,1108,148.2,1.07,0.28,47.8,11.88,19.78,61.7,25.0,27.7,0.0769,0.1166,0.1212,1.692,0.029,0.2753,48.2,Worn,0
1661,19269.5,1064,139.4,1.79,0.27,31.3,14.67,21.36,54.9,31.7,26.8,0.2907,0.2102,0.1586,6.089,0.1003,0.3134,41.2,Critical,1
1662,19284.3,1125,196.4,2.18,0.28,28.3,14.57,21.15,60.3,26.7,28.6,0.2493,0.0529,0.1185,5.803,0.1177,0.3177,43.5,Critical,1
1663,19295.6,1150,191.5,1.63,0.29,37.9,12.99,16.1,65.8,30.7,25.7,0.2486,0.1003,0.077,1.873,0.0176,0.2886,49.6,Worn,0
1664,19306.2,1041,155.6,1.5,0.26,30.0,11.33,15.82,60.9,30.2,29.9,0.1965,0.1312,0.0551,2.137,0.0213,0.2944,48.1,Worn,0
1665,19315.6,1046,213.0,1.54,0.26,38.1,12.83,18.76,54.6,26.6,27.2,0.1585,0.1515,0.0737,1.796,0.0226,0.2933,47.0,Worn,0
1666,19324.5,1083,133.7,1.79,0.27,33.3,12.17,17.06,62.1,25.5,27.8,0.1933,0.138,0.079,2.041,0.0281,0.2816,45.4,Worn,0
1667,19337.0,1065,178.2,2.15,0.27,29.2,13.57,16.9,57.2,31.0,26.3,0.1226,0.1215,0.0968,1.948,0.0179,0.2769,44.9,Worn,0
1668,19347.1,1269,187.0,1.39,0.32,41.4,13.5,17.16,64.8,31.3,31.1,0.218,0.1665,0.0415,2.262,0.0283,0.2839,45.6,Worn,0
1669,19356.5,953,148.0,1.14,0.24,37.3,12.63,18.85,55.4,31.6,26.5,0.1369,0.1118,0.0491,2.223,0.0278,0.256,48.6,Worn,0
1670,19366.0,1390,159.9,1.4,0.35,49.3,16.28,21.69,61.2,25.8,30.1,0.3445,0.2702,0.2079,6.308,0.0895,0.3216,46.6,Critical,1
1671,19379.6,893,178.1,1.09,0.22,27.7,13.34,20.46,61.8,29.3,26.6,0.2231,0.23,0.1131,5.833,0.1259,0.3188,45.5,Critical,1
1672,19389.9,905,180.2,1.38,0.23,42.3,13.35,22.74,60.3,28.9,25.4,0.2197,0.22,0.1743,5.964,0.1269,0.3007,51.9,Critical,1
1673,19404.6,1266,156.0,1.5,0.32,42.9,13.36,19.23,61.7,27.3,25.8,0.0971,0.1785,0.137,1.921,0.034,0.2895,43.5,Worn,0
1674,19419.1,1258,159.9,1.25,0.32,23.3,12.73,17.47,61.3,28.1,26.1,0.1899,0.1399,0.0869,2.122,0.0106,0.2989,51.3,Worn,0
1675,19427.7,1346,239.5,1.79,0.34,44.8,13.71,19.45,67.3,33.5,22.7,0.1759,0.1459,0.0753,1.824,0.0949,0.2728,43.1,Worn,3
1676,19438.2,1227,164.4,0.99,0.31,51.0,12.56,17.63,61.4,26.4,24.2,0.1184,0.1044,0.0846,1.998,0.0294,0.2954,44.4,Worn,0
1677,19451.9,1123,169.9,1.81,0.28,20.3,12.55,16.67,60.4,28.8,27.0,0.2311,0.0265,0.0795,1.971,0.0277,0.2875,43.3,Worn,0
1678,19463.9,1228,194.2,1.75,0.31,28.5,15.67,21.52,58.8,26.3,25.4,0.2325,0.2134,0.0894,6.761,0.1297,0.3182,44.1,Critical,1
1679,19478.6,1089,198.1,1.45,0.27,38.0,13.32,18.79,57.6,27.3,26.4,0.0717,0.1703,0.0764,1.943,0.0237,0.2721,42.2,Worn,0
1680,19493.6,1296,175.9,1.62,0.33,38.2,14.12,19.21,70.0,36.5,24.6,0.2078,0.1009,0.0993,1.277,0.1136,0.27,47.9,Worn,3
1681,19506.6,1277,181.2,2.1,0.32,23.9,16.05,20.63,59.7,29.0,28.2,0.312,0.0869,0.1254,5.802,0.1221,0.3116,48.7,Critical,1
1682,19517.6,1285,127.7,1.4,0.32,35.3,12.61,16.21,58.1,25.2,23.6,0.1351,0.1378,0.0804,1.751,0.02,0.2981,46.4,Worn,0
1683,19529.4,1414,137.9,1.29,0.36,35.4,15.95,21.85,56.6,29.4,25.7,0.3478,0.2059,0.1537,6.223,0.1133,0.3224,42.0,Critical,1
1684,19542.4,865,182.9,1.41,0.22,43.7,13.85,23.73,50.1,26.9,26.3,0.3604,0.3462,0.0643,5.943,0.1246,0.3127,48.4,Critical,1
1685,19555.6,1155,141.5,1.39,0.29,39.6,12.89,17.31,60.9,27.4,25.9,0.2119,0.0764,0.0844,2.018,0.0211,0.2859,46.4,Worn,0
1686,19569.8,1197,171.5,1.85,0.3,49.8,13.22,18.94,59.2,29.8,28.0,0.1517,0.1078,0.1071,2.448,0.0167,0.2683,46.8,Worn,0
1687,19579.6,1136,133.9,1.08,0.29,47.1,15.15,24.24,56.4,25.3,25.8,0.1561,0.105,0.0668,6.257,0.1416,0.3622,50.3,Critical,1
1688,19590.8,966,178.7,0.91,0.24,42.0,12.82,18.65,55.5,27.9,25.4,0.2309,0.1956,0.0664,2.678,0.0206,0.2988,44.9,Worn,0
1689,19600.1,1255,164.0,1.85,0.32,36.5,15.51,21.79,53.2,30.2,28.6,0.1879,0.1687,0.0719,6.122,0.1094,0.3106,39.1,Critical,1
1690,19613.8,1063,193.1,1.16,0.27,43.6,16.1,23.01,58.3,27.9,29.1,0.212,0.065,0.1368,5.873,0.115,0.3125,43.2,Critical,1
1691,19628.5,1429,191.6,2.06,0.36,25.0,16.46,21.14,57.2,25.7,24.8,0.252,0.1157,0.1663,6.473,0.1165,0.309,43.0,Critical,1
1692,19641.7,1279,158.8,1.98,0.32,46.4,16.51,21.21,60.2,29.5,27.7,0.2778,0.1361,0.1458,6.055,0.089,0.3066,46.3,Critical,1
1693,19649.8,1051,173.3,1.63,0.26,34.6,13.78,19.47,60.1,25.7,26.5,0.2576,0.1273,0.0681,2.172,0.0227,0.265,52.8,Worn,0
1694,19662.8,1053,119.8,1.82,0.26,41.8,13.65,20.21,59.0,26.5,25.3,0.3376,0.5032,0.3786,6.18,0.1032,0.2858,50.8,Worn,2
1695,19672.8,1066,158.8,1.55,0.27,34.4,12.27,17.35,56.7,28.4,27.4,0.1149,0.182,0.0985,1.46,0.0215,0.2703,43.5,Worn,0
1696,19683.6,1394,196.9,1.66,0.35,37.6,14.43,18.39,49.8,27.6,26.0,0.1943,0.2209,0.0372,2.255,0.0297,0.2873,48.9,Worn,0
1697,19696.4,1243,189.2,1.0,0.31,44.7,12.8,18.01,53.6,29.0,24.9,0.1269,0.1264,0.0825,1.629,0.0303,0.288,46.9,Worn,0
1698,19707.9,1142,182.6,1.64,0.29,24.4,14.86,20.2,62.9,29.8,27.5,0.1996,0.1425,0.1231,6.78,0.1128,0.3429,43.8,Critical,1
1699,19719.5,1303,142.0,1.69,0.33,20.5,13.3,15.07,55.9,27.9,26.4,0.1176,0.0692,0.0701,2.217,0.0114,0.2988,49.1,Worn,0
1700,19729.7,1152,197.1,0.88,0.29,29.3,12.87,17.58,56.0,28.3,24.4,0.1091,0.1392,0.087,1.986,0.0345,0.2801,46.7,Worn,0
1701,19740.6,911,174.0,1.54,0.23,34.4,14.91,21.12,57.0,27.3,25.3,0.2253,0.1208,0.1107,6.046,0.1058,0.3299,48.5,Critical,1
1702,19750.8,1149,229.6,2.16,0.29,38.0,14.89,20.2,58.3,24.5,24.9,0.1599,0.0739,0.2006,5.792,0.1094,0.325,52.7,Critical,1
1703,19759.6,1419,157.6,1.29,0.36,36.2,15.26,19.75,61.3,28.9,28.8,0.5665,0.2961,0.1539,3.424,0.0675,0.2749,46.2,Worn,2
1704,19773.8,1134,250.5,2.11,0.28,36.8,13.59,19.24,59.1,27.0,30.6,0.197,0.1166,0.0879,2.316,0.0243,0.2902,49.9,Worn,0
1705,19785.1,1220,183.5,1.83,0.31,41.0,15.84,22.07,64.9,29.5,27.3,0.2278,0.2188,0.0803,5.621,0.1219,0.3008,48.0,Critical,1
1706,19800.0,1355,148.9,1.47,0.34,49.6,13.65,21.06,67.8,31.5,28.0,0.1732,0.027,0.0691,1.346,0.1264,0.284,45.0,Worn,3
1707,19813.9,1289,208.5,1.4,0.32,44.6,16.52,22.99,62.4,29.8,22.8,0.2041,0.0724,0.1866,6.758,0.0801,0.3354,49.8,Critical,1
1708,19823.1,1159,189.1,1.56,0.29,32.5,12.58,18.92,56.1,27.5,27.1,0.2301,0.0233,0.0823,2.283,0.0246,0.2991,44.4,Worn,0
1709,19832.1,1382,203.6,1.62,0.35,38.4,15.03,22.15,60.0,28.9,27.1,0.2437,0.0872,0.147,5.667,0.1277,0.3056,51.4,Critical,1
1710,19842.6,1241,188.6,1.36,0.31,29.4,12.73,16.68,61.5,27.9,28.1,0.1839,0.1,0.0971,1.85,0.0322,0.2864,44.8,Worn,0
1711,19855.4,1097,143.6,1.43,0.28,28.3,12.21,17.11,64.3,29.7,27.0,0.2298,0.1127,0.1199,1.835,0.0275,0.2972,49.3,Worn,0
1712,19866.0,1084,175.0,0.94,0.27,25.5,13.1,14.86,56.2,24.9,26.8,0.2575,0.0994,0.0477,1.466,0.0257,0.2705,41.4,Worn,0
1713,19875.2,1065,177.0,1.92,0.27,30.8,13.9,22.08,54.3,25.7,29.7,0.3199,0.0571,0.1046,6.209,0.1021,0.3221,48.5,Critical,1
1714,19888.1,1028,181.7,1.31,0.26,52.1,13.49,19.83,67.2,30.3,25.3,0.2242,0.1017,0.0751,1.706,0.0712,0.2854,45.6,Worn,3
1715,19901.3,938,194.3,1.65,0.24,26.1,11.55,16.43,56.3,27.0,26.5,0.2759,0.1307,0.1073,1.769,0.0318,0.2708,46.1,Worn,0
1716,19911.8,1251,153.9,1.64,0.31,43.1,14.87,23.29,63.3,28.0,27.5,0.1871,0.1461,0.167,6.278,0.1304,0.318,49.9,Critical,1
1717,19926.0,1335,200.8,1.68,0.34,46.6,17.0,22.84,56.6,28.1,29.8,0.166,0.1643,0.2197,5.642,0.1132,0.3024,44.0,Critical,1
1718,19937.2,1122,172.3,1.88,0.28,31.1,14.72,21.67,55.6,28.0,25.1,0.1557,0.0927,0.1169,5.488,0.1091,0.3058,40.3,Critical,1
1719,19946.5,1162,132.3,0.69,0.29,35.7,12.89,18.34,54.0,27.9,27.4,0.2096,0.2208,0.0551,1.599,0.027,0.2839,48.8,Worn,0
1720,19955.4,1073,201.7,1.78,0.27,31.9,14.79,21.31,60.2,26.6,26.5,0.2835,0.1817,0.1308,6.252,0.128,0.3299,46.7,Critical,1
1721,19964.3,1254,168.4,1.45,0.32,30.3,13.98,19.61,56.6,30.0,26.3,0.2274,0.1025,0.0662,2.07,0.0181,0.2723,46.2,Worn,0
1722,19973.8,1258,225.1,1.64,0.32,48.1,16.3,25.03,59.1,28.3,24.4,0.4069,0.2359,0.1307,4.956,0.1266,0.3288,47.0,Critical,1
1723,19984.4,948,183.3,1.74,0.24,37.2,12.2,18.67,51.0,29.6,26.2,0.1933,0.1093,0.1179,1.935,0.0308,0.2908,44.2,Worn,0
1724,19993.2,1294,183.1,1.02,0.33,31.2,15.45,19.48,56.2,24.2,27.8,0.2793,0.1531,0.1587,6.249,0.1192,0.3217,49.1,Critical,1
1725,20002.5,1537,156.4,1.48,0.39,25.4,14.64,18.69,57.6,27.2,24.7,0.1575,0.2147,0.1406,6.688,0.0956,0.3543,47.1,Critical,1
1726,20011.6,1416,187.5,0.7,0.36,37.3,16.18,20.26,58.2,27.1,28.9,0.3017,0.1776,0.1593,5.921,0.1106,0.3114,47.7,Critical,1
1727,20023.9,1239,138.8,1.33,0.31,20,15.37,20.37,58.5,30.0,27.7,0.3474,0.1695,0.1696,6.28,0.1145,0.3162,45.3,Critical,1
1728,20032.0,1434,166.3,1.7,0.36,38.9,15.79,22.22,58.1,27.3,25.3,0.345,0.1637,0.1091,6.154,0.1041,0.3236,46.0,Critical,1
1729,20042.4,1119,234.0,0.7,0.28,41.6,13.12,17.72,62.6,30.4,29.4,0.2085,0.1457,0.111,2.263,0.0264,0.2808,45.6,Worn,0
1730,20054.2,1213,153.6,2.45,0.3,40.7,16.35,22.02,65.7,30.7,23.6,0.3481,0.2289,0.1846,6.316,0.1096,0.3014,44.1,Critical,1
1731,20068.5,825,204.8,0.71,0.21,41.1,10.45,20.05,54.0,25.9,26.6,0.0886,0.0508,0.1158,1.806,0.0291,0.2647,47.3,Worn,0
1732,20082.1,1002,196.6,1.83,0.25,34.1,14.54,22.07,62.3,29.1,27.5,0.1239,0.1158,0.1793,6.307,0.0834,0.3212,49.7,Critical,1
1733,20092.6,1112,148.1,2.01,0.28,48.5,15.67,21.91,59.9,27.4,27.5,0.1759,0.1646,0.0825,6.26,0.1107,0.3615,49.6,Critical,1
1734,20107.5,1462,141.9,1.58,0.37,37.0,16.28,23.97,58.6,28.2,26.0,0.1551,0.2568,0.2519,6.072,0.1258,0.3374,46.3,Critical,1
1735,20116.6,1200,187.0,1.58,0.3,26.3,13.93,17.64,64.5,27.8,27.2,0.1023,0.1042,0.1509,2.02,0.0246,0.2773,46.0,Worn,0
1736,20131.0,1239,160.8,1.43,0.31,33.0,14.01,21.55,57.2,27.4,26.1,0.1777,0.1622,0.1565,5.939,0.1294,0.3084,45.5,Critical,1
1737,20145.3,962,144.5,1.98,0.24,24.2,14.85,20.64,58.3,27.7,28.5,0.2643,0.1578,0.1582,5.859,0.1281,0.3057,47.1,Critical,1
1738,20157.4,1172,136.3,2.34,0.29,34.1,12.41,16.8,62.1,27.4,25.0,0.257,0.0584,0.1266,2.341,0.0187,0.2998,43.3,Worn,0
1739,20171.0,1322,137.3,1.49,0.33,42.7,13.32,18.67,61.0,23.9,26.8,0.1536,0.0981,0.0838,2.046,0.0184,0.283,42.0,Worn,0
1740,20182.5,1247,198.1,1.47,0.31,45.4,14.85,21.12,59.1,28.9,26.5,0.2378,0.1632,0.0503,6.134,0.1323,0.3146,47.8,Critical,1
1741,20192.0,1417,171.7,2.14,0.36,35.5,16.16,20.73,64.9,27.7,30.2,0.1467,0.187,0.0988,5.954,0.1291,0.3192,48.2,Critical,1
1742,20202.9,1108,168.5,1.66,0.28,36.8,12.91,17.32,56.6,29.8,22.7,0.2123,0.0617,0.0453,1.699,0.0158,0.2918,50.1,Worn,0
1743,20214.3,1048,203.8,1.83,0.26,41.7,16.25,23.18,58.7,26.9,28.2,0.1914,0.1206,0.0706,5.562,0.0991,0.3034,45.6,Critical,1
1744,20225.8,1368,179.2,1.4,0.34,41.1,15.44,21.21,58.0,24.6,26.2,0.2616,0.236,0.1334,6.393,0.1076,0.3157,44.2,Critical,1
1745,20234.2,1226,164.4,0.63,0.31,45.3,15.4,23.47,62.4,31.7,27.0,0.2609,0.2716,0.142,6.06,0.1111,0.3068,45.5,Critical,1
1746,20243.0,1280,162.8,1.87,0.32,36.0,13.82,18.41,62.6,27.1,28.3,0.1329,0.1432,0.0894,2.061,0.0271,0.2877,49.4,Worn,0
1747,20257.7,1214,191.3,1.0,0.31,38.0,12.48,20.28,58.4,29.8,25.9,0.2323,0.0791,0.1066,1.93,0.0214,0.2778,51.5,Worn,0
1748,20270.7,990,158.5,1.49,0.25,26.4,14.34,20.81,59.4,26.0,25.3,0.3518,0.2348,0.1239,6.392,0.1251,0.3057,44.8,Critical,1
1749,20284.7,1318,169.7,0.89,0.33,37.3,15.48,20.45,59.8,31.9,30.5,0.1799,0.1837,0.0523,6.229,0.1045,0.3124,44.2,Critical,1
1750,20298.9,1462,196.5,2.08,0.37,35.3,16.98,20.7,56.8,27.8,23.0,0.2754,0.1371,0.1704,5.902,0.1429,0.3413,46.0,Critical,1
1751,20307.6,1379,217.5,1.68,0.35,24.2,14.31,17.64,56.1,26.9,27.6,0.2285,0.1288,0.0713,1.887,0.0171,0.2808,47.0,Worn,0
1752,20321.1,850,128.0,1.21,0.21,42.8,11.73,17.78,60.6,26.9,25.6,0.2432,0.1016,0.0658,2.49,0.0239,0.2988,45.9,Worn,0
1753,20333.8,1242,173.4,1.87,0.31,28.5,15.78,19.62,57.1,28.0,28.3,0.3394,0.1927,0.1764,7.001,0.1521,0.3246,45.2,Critical,1
1754,20347.4,1316,183.6,2.42,0.33,35.5,16.68,22.31,62.9,26.2,22.6,0.3493,0.2501,0.0665,6.049,0.1274,0.3081,47.1,Critical,1
1755,20358.8,1129,198.3,1.16,0.28,40.1,12.65,17.74,59.8,29.7,25.9,0.2629,0.172,0.0904,2.155,0.0221,0.2856,48.2,Worn,0
1756,20372.2,1198,164.3,1.45,0.3,43.9,15.16,22.43,65.7,26.3,25.0,0.179,0.1925,0.158,6.109,0.1071,0.3175,43.6,Critical,1
1757,20384.5,1334,156.6,2.07,0.34,25.8,12.87,16.63,59.8,27.1,27.3,0.1572,0.1066,0.0521,2.11,0.028,0.2936,47.6,Worn,0
1758,20396.5,1230,154.6,1.42,0.31,32.0,15.29,21.75,65.0,26.9,23.2,0.241,0.1191,0.1291,6.182,0.1199,0.3045,46.5,Critical,1
1759,20406.4,1199,210.0,1.79,0.3,29.4,14.88,21.84,60.7,25.9,21.8,0.2259,0.0917,0.1027,6.2,0.1164,0.3042,46.7,Critical,1
1760,20420.8,1346,172.1,1.15,0.34,35.0,15.1,20.8,63.5,32.2,28.5,0.2961,0.2544,0.1274,5.944,0.14,0.3018,46.8,Critical,1
1761,20433.0,1379,153.8,1.76,0.35,56.2,13.39,19.52,63.3,26.0,28.2,0.1393,0.1088,0.0831,2.41,0.034,0.2903,46.3,Worn,0
1762,20443.0,1270,139.6,1.62,0.32,47.4,16.47,22.37,65.5,29.5,27.7,0.2123,0.1879,0.1523,5.691,0.0876,0.3161,48.3,Critical,1
1763,20452.4,1448,171.4,1.7,0.36,26.2,15.76,20.94,58.2,26.4,26.1,0.2346,0.1766,0.2114,6.574,0.1102,0.3335,43.8,Critical,1
1764,20466.8,1214,200.9,1.49,0.31,30.4,13.1,18.82,66.6,28.6,27.6,0.1754,0.1572,0.127,1.965,0.0249,0.2903,44.0,Worn,0
1765,20480.7,1269,220.7,1.55,0.32,43.0,16.14,23.16,59.3,31.1,28.7,0.3044,0.2299,0.1307,6.071,0.1154,0.316,46.9,Critical,1
1766,20494.2,1037,218.5,1.08,0.26,55.6,15.81,23.05,53.1,24.1,25.2,0.2371,0.1635,0.1475,6.219,0.1512,0.3131,42.2,Critical,1
1767,20506.8,1237,161.5,1.97,0.31,38.4,13.39,17.89,59.3,30.3,26.7,0.1612,0.1575,0.119,2.046,0.0192,0.2956,45.9,Worn,0
1768,20517.0,1053,167.9,1.48,0.26,34.3,15.62,20.37,63.0,26.2,26.7,0.3039,0.2573,0.077,6.082,0.1297,0.337,48.5,Critical,1
1769,20530.6,1061,207.0,1.66,0.27,30.6,15.0,20.78,64.6,25.9,28.3,0.2297,0.0815,0.1121,5.936,0.0926,0.3189,46.7,Critical,1
1770,20543.3,1104,184.0,1.36,0.28,29.8,13.0,17.91,58.4,27.7,25.0,0.0459,0.0875,0.1106,1.661,0.0278,0.2832,43.9,Worn,0
1771,20554.8,959,164.7,1.49,0.24,22.7,14.25,22.01,58.2,28.1,24.0,0.2811,0.0903,0.1594,6.083,0.1412,0.3557,45.5,Critical,1
1772,20566.5,989,200.8,1.35,0.25,36.7,15.47,22.75,56.2,27.0,26.7,0.212,0.1506,0.0713,5.639,0.1134,0.302,47.1,Critical,1
1773,20580.1,1038,138.0,1.8,0.26,54.9,12.64,19.22,57.6,28.4,26.8,0.1631,0.1318,0.0917,1.783,0.0249,0.2821,44.1,Worn,0
1774,20588.2,1313,212.4,1.32,0.33,39.2,14.93,22.28,60.5,27.2,26.7,0.2076,0.1713,0.1666,5.96,0.1059,0.3237,49.4,Critical,1
1775,20599.1,1309,232.5,1.65,0.33,41.7,16.17,21.96,62.6,27.9,26.8,0.285,0.1689,0.01,6.381,0.0993,0.349,41.8,Critical,1
1776,20612.4,1339,171.2,0.94,0.34,51.9,15.74,23.61,66.2,29.9,25.8,0.233,0.1836,0.1154,6.703,0.1023,0.3185,50.0,Critical,1
1777,20623.4,1326,202.2,0.9,0.33,22.8,15.15,20.13,59.5,25.9,25.0,0.2428,0.1006,0.1599,5.514,0.1425,0.3027,43.4,Critical,1
1778,20636.5,1151,226.4,1.34,0.29,31.1,15.68,21.31,57.8,27.2,24.6,0.3255,0.238,0.087,6.198,0.0984,0.3137,50.3,Critical,1
1779,20647.2,1059,213.6,1.73,0.27,36.3,15.74,22.78,58.1,29.8,25.5,0.3668,0.1835,0.1655,6.182,0.108,0.3128,48.1,Critical,1
1780,20656.0,1345,96.3,0.76,0.34,38.0,14.11,15.25,68.1,34.1,24.9,0.1809,0.1271,0.1097,1.687,0.1085,0.2795,49.6,Worn,3
1781,20666.1,929,185.7,1.76,0.23,33.1,15.32,21.48,59.9,27.8,26.6,0.225,0.2122,0.0772,5.818,0.121,0.3217,46.0,Critical,1
1782,20675.2,1112,246.7,1.23,0.28,36.9,11.93,17.78,49.5,26.8,25.4,0.1294,0.0564,0.0709,2.094,0.0242,0.2965,49.3,Worn,0
1783,20685.5,1196,176.3,1.26,0.3,35.1,14.53,20.95,59.2,26.4,22.9,0.2972,0.2067,0.1468,6.606,0.1123,0.3261,47.6,Critical,1
1784,20699.3,1194,211.6,1.63,0.3,42.4,15.69,22.73,60.8,24.9,27.6,0.2271,0.3041,0.1475,6.485,0.1225,0.3529,42.5,Critical,1
1785,20710.5,1141,159.2,1.06,0.29,46.7,13.64,19.77,66.0,29.0,23.4,0.1104,0.1389,0.132,2.175,0.0271,0.2923,46.8,Worn,0
1786,20722.3,1299,190.9,1.98,0.33,33.9,12.61,17.39,62.8,28.6,25.1,0.08,0.1523,0.0665,1.76,0.0289,0.2732,44.5,Worn,0
1787,20732.2,1171,184.3,0.98,0.29,36.0,14.35,19.69,60.8,28.8,27.8,0.2538,0.1729,0.1149,5.621,0.1381,0.318,43.9,Critical,1
1788,20741.8,908,198.1,0.96,0.23,39.3,14.8,21.49,55.2,25.5,26.6,0.266,0.1162,0.1,6.189,0.0993,0.307,46.4,Critical,1
1789,20753.0,1297,216.1,1.76,0.33,33.3,16.95,23.69,61.2,28.1,29.4,0.2287,0.1361,0.0856,5.351,0.1283,0.308,44.1,Critical,1
1790,20766.3,1172,204.0,1.79,0.29,41.6,15.23,22.83,60.9,27.8,24.9,0.2116,0.1776,0.1728,5.756,0.1066,0.3006,45.7,Critical,1
1791,20776.7,1307,177.4,1.53,0.33,41.9,16.08,22.37,61.3,27.7,31.1,0.3111,0.1988,0.1548,6.173,0.1083,0.3331,52.6,Critical,1
1792,20791.6,1335,234.7,1.56,0.34,39.8,16.08,22.58,63.2,28.3,26.0,0.3371,0.1234,0.1144,5.771,0.1136,0.3307,49.0,Critical,1
1793,20801.6,1236,189.6,1.19,0.31,36.3,14.04,18.85,61.8,27.8,25.8,0.1502,0.096,0.0911,2.001,0.0229,0.2988,47.7,Worn,0
1794,20812.2,1238,192.4,1.91,0.31,33.9,15.96,20.85,57.9,26.6,27.5,0.2436,0.119,0.0921,5.441,0.1057,0.3142,43.1,Critical,1
1795,20823.9,945,181.3,1.32,0.24,33.3,16.08,20.23,54.4,28.3,28.6,0.2845,0.1446,0.1142,6.038,0.1099,0.314,44.5,Critical,1
1796,20834.3,893,193.5,1.67,0.22,41.2,16.14,23.19,57.3,25.2,27.4,0.2836,0.119,0.14,6.184,0.1131,0.3167,48.3,Critical,1
1797,20842.6,1224,169.5,1.45,0.31,43.2,13.37,17.55,58.2,28.0,22.6,0.0993,0.0685,0.1257,2.239,0.0332,0.2851,50.8,Worn,0
1798,20851.0,1373,158.9,1.47,0.35,32.9,16.37,22.82,64.4,27.5,28.0,0.2808,0.1667,0.2146,6.285,0.1278,0.3034,48.1,Critical,1
1799,20864.4,1364,259.0,1.97,0.34,50.8,13.69,20.6,61.7,24.1,25.6,0.173,0.182,0.0742,1.92,0.0319,0.2996,45.8,Worn,0
1800,20872.6,1054,187.1,1.1,0.26,42.4,12.57,18.67,59.7,28.6,26.1,0.1242,0.1559,0.0959,1.553,0.0258,0.281,49.4,Worn,0
1801,20882.3,1386,124.3,2.52,0.35,44.2,15.71,21.89,58.6,27.0,29.0,0.1148,0.214,0.1783,5.818,0.1094,0.3043,43.5,Critical,1
1802,20894.6,1252,199.0,1.25,0.31,42.9,12.66,17.48,61.4,27.8,26.1,0.1561,0.1406,0.0837,1.901,0.0269,0.289,50.6,Worn,0
1803,20903.3,1322,180.7,1.8,0.33,26.5,15.35,20.89,56.1,24.2,23.5,0.2411,0.1724,0.1046,6.111,0.1297,0.3334,45.4,Critical,1
1804,20913.5,872,193.4,1.96,0.22,36.0,15.04,21.61,56.0,28.9,25.6,0.2641,0.1754,0.144,5.595,0.1133,0.3357,41.0,Critical,1
1805,20923.9,1152,214.1,2.04,0.29,33.8,15.92,22.34,54.6,29.7,26.4,0.3016,0.0876,0.0708,6.448,0.1117,0.3177,48.8,Critical,1
1806,20934.4,1225,147.1,1.64,0.31,51.1,15.57,23.85,60.7,26.2,30.2,0.1969,0.1534,0.0717,6.755,0.1207,0.3154,47.6,Critical,1
1807,20946.9,1352,197.3,1.39,0.34,39.4,15.4,22.42,51.1,27.4,28.1,0.268,0.1131,0.1234,6.512,0.1018,0.3286,52.8,Critical,1
1808,20961.6,1155,176.2,1.76,0.29,37.1,15.65,21.59,59.1,28.8,27.8,0.1955,0.1487,0.1488,5.87,0.1096,0.3005,44.9,Critical,1
1809,20974.4,1073,219.6,1.78,0.27,53.2,15.52,25.09,61.6,28.8,28.4,0.2135,0.1658,0.1007,5.856,0.1147,0.3297,48.1,Critical,1
1810,20984.3,1153,186.2,1.1,0.29,29.3,15.64,21.42,55.8,27.8,26.5,0.3912,0.2515,0.1422,6.273,0.1022,0.3208,47.1,Critical,1
1811,20998.5,849,242.1,1.72,0.21,49.3,15.15,23.74,61.4,28.7,25.0,0.1984,0.0955,0.0619,5.798,0.1107,0.3215,41.7,Critical,1
1812,21007.1,1013,186.8,1.72,0.25,36.4,13.91,19.93,62.7,28.5,24.8,0.2907,0.1272,0.1652,6.014,0.1105,0.3212,45.8,Critical,1
1813,21017.6,1137,219.7,1.78,0.29,37.2,15.9,22.37,58.1,28.9,26.4,0.187,0.1165,0.1047,6.067,0.1153,0.3265,48.3,Critical,1
1814,21025.9,1016,146.1,1.61,0.26,40.7,12.54,17.55,56.9,28.0,26.5,0.2281,0.1256,0.1063,1.66,0.029,0.2937,46.4,Worn,0
1815,21039.5,1361,182.9,1.43,0.34,28.1,15.9,22.7,57.8,26.6,27.8,0.3655,0.1589,0.1253,6.301,0.1114,0.3506,48.6,Critical,1
1816,21052.4,1301,146.1,1.5,0.33,40.0,16.13,22.56,60.7,29.5,22.2,0.2045,0.1663,0.1061,6.427,0.1171,0.3134,46.8,Critical,1
1817,21063.0,1250,201.3,2.01,0.31,34.1,15.66,20.03,55.5,25.6,29.1,0.2335,0.1532,0.1111,5.88,0.1299,0.3389,43.0,Critical,1
1818,21073.2,1289,139.9,1.41,0.32,41.5,15.79,21.34,62.0,30.3,30.4,0.3039,0.1136,0.086,6.395,0.1193,0.3178,46.6,Critical,1
1819,21083.0,1404,146.5,1.05,0.35,34.9,12.95,18.73,58.7,25.5,24.8,0.1553,0.1303,0.0727,2.092,0.0225,0.2877,44.0,Worn,0
1820,21091.3,1323,205.6,2.2,0.33,37.5,15.58,22.32,66.1,29.5,27.4,0.2096,0.1885,0.1053,6.172,0.1214,0.3154,51.3,Critical,1
1821,21103.4,1359,212.8,2.21,0.34,43.7,15.64,23.04,56.1,28.3,28.0,0.1865,0.1467,0.107,6.251,0.0973,0.3081,43.1,Critical,1
1822,21117.8,1419,168.6,0.76,0.36,42.7,13.83,18.78,56.8,29.8,28.0,0.1185,0.1006,0.0872,2.046,0.0282,0.2951,47.1,Worn,0
1823,21127.5,1302,171.1,1.5,0.33,46.4,14.34,19.02,64.1,26.9,27.7,0.2536,0.1841,0.1226,2.523,0.0329,0.2963,44.7,Worn,0
1824,21138.1,1156,173.0,2.17,0.29,49.1,15.25,23.77,53.5,25.8,25.8,0.1621,0.1563,0.1535,5.616,0.126,0.3056,42.6,Critical,1
1825,21153.1,1196,167.4,1.25,0.3,37.6,16.08,22.25,59.7,26.5,29.1,0.2988,0.1882,0.1354,6.328,0.0877,0.3058,53.5,Critical,1
1826,21162.0,1161,219.1,1.49,0.29,33.9,14.94,20.82,61.2,27.8,26.7,0.1493,0.1554,0.1322,5.968,0.0952,0.3059,49.3,Critical,1
1827,21172.9,1258,195.9,1.18,0.32,38.8,13.75,18.73,63.6,27.7,27.7,0.2114,0.0416,0.1148,2.14,0.0183,0.2914,42.1,Worn,0
1828,21182.5,1194,146.3,2.16,0.3,36.5,15.16,21.84,57.1,27.4,25.7,0.2127,0.2165,0.1637,6.442,0.1072,0.311,48.8,Critical,1
1829,21195.7,1312,181.8,1.53,0.33,34.9,16.59,21.14,61.1,29.6,27.7,0.4119,0.0961,0.1726,5.576,0.1077,0.3417,43.5,Critical,1
1830,21204.4,1360,164.9,1.91,0.34,39.4,14.02,16.83,54.7,27.6,28.2,0.2136,0.1334,0.0399,1.799,0.0218,0.291,49.2,Worn,0
1831,21216.5,1196,184.2,1.68,0.3,46.6,13.22,19.12,62.6,26.3,29.5,0.168,0.1035,0.1044,1.832,0.026,0.2959,50.7,Worn,0
1832,21229.6,1361,212.7,1.84,0.34,32.9,15.12,21.86,63.3,25.5,27.0,0.2269,0.1737,0.1041,6.048,0.1214,0.3118,41.5,Critical,1
1833,21239.9,1138,237.5,1.37,0.29,44.6,15.21,25.01,55.7,28.7,26.6,0.3195,0.2193,0.0855,6.364,0.0996,0.3374,47.9,Critical,1
1834,21252.0,1206,228.3,1.19,0.3,39.1,15.08,22.69,57.0,29.6,24.5,0.1911,0.0948,0.055,6.13,0.1336,0.305,44.2,Critical,1
1835,21266.2,1386,169.7,1.21,0.35,32.6,15.37,19.21,61.2,26.3,28.1,0.2429,0.1274,0.0479,5.831,0.1139,0.3233,45.1,Critical,1
1836,21276.6,1061,223.9,2.36,0.27,30.2,15.75,21.34,59.9,30.4,26.1,0.185,0.0931,0.1353,5.503,0.1042,0.3141,38.9,Critical,1
1837,21289.9,1206,150.5,1.7,0.3,35.4,16.04,21.13,61.7,30.4,27.5,0.0285,0.1281,0.1245,5.916,0.1003,0.3229,46.7,Critical,1
1838,21298.9,1465,142.7,2.06,0.37,29.4,13.23,15.36,63.5,26.7,27.6,0.1848,0.1264,0.0771,1.994,0.0252,0.2975,44.5,Worn,0
1839,21312.3,758,178.2,1.2,0.19,40.9,14.49,21.27,62.9,30.1,23.7,0.1832,0.1336,0.1579,6.306,0.1074,0.3503,47.5,Critical,1
1840,21326.0,1234,201.4,1.0,0.31,43.0,15.72,20.84,58.9,28.2,29.9,0.2547,0.1004,0.0741,6.496,0.1071,0.3702,47.2,Critical,1
1841,21334.4,1255,197.6,2.37,0.32,46.7,16.84,23.4,60.0,29.7,27.4,0.2632,0.171,0.1555,5.731,0.1133,0.3286,48.0,Critical,1
1842,21343.3,1094,228.4,1.51,0.28,33.7,14.72,19.56,58.5,27.9,29.2,0.2546,0.1274,0.1082,6.572,0.1379,0.3662,50.5,Critical,1
1843,21353.0,1040,202.6,1.74,0.26,24.7,14.55,20.43,59.9,28.2,27.9,0.3149,0.1548,0.1694,6.402,0.0842,0.349,50.1,Critical,1
1844,21365.5,1067,141.0,1.41,0.27,37.3,15.32,21.41,55.3,29.3,29.3,0.2929,0.1817,0.0722,6.823,0.1142,0.3595,45.5,Critical,1
1845,21378.6,995,154.1,1.59,0.25,48.6,15.11,24.43,59.9,29.9,23.7,0.0888,0.1485,0.1897,6.585,0.0859,0.3232,43.1,Critical,1
1846,21392.9,1255,124.5,1.77,0.32,35.6,14.2,17.32,59.5,29.1,27.8,0.1854,0.1811,0.0716,1.609,0.0224,0.2817,45.2,Worn,0
1847,21405.2,1134,150.1,1.89,0.29,35.4,15.78,22.36,60.8,28.6,30.7,0.353,0.231,0.1117,6.266,0.1036,0.3054,46.3,Critical,1
1848,21416.3,926,198.1,0.96,0.23,35.5,13.55,21.73,58.0,30.9,31.4,0.3133,0.1652,0.1159,6.31,0.1017,0.358,47.4,Critical,1
1849,21427.8,1201,160.8,1.47,0.3,33.8,14.89,21.1,63.8,27.4,25.9,0.1999,0.2515,0.0994,6.145,0.0934,0.3065,46.8,Critical,1
1850,21438.7,1062,165.7,2.09,0.27,31.0,14.58,20.8,51.4,26.9,30.5,0.2905,0.1063,0.1629,6.679,0.1216,0.351,46.7,Critical,1
1851,21451.7,994,119.7,1.39,0.25,33.9,14.78,20.69,55.6,28.0,28.5,0.2702,0.1514,0.0926,6.553,0.1243,0.3422,47.5,Critical,1
1852,21462.7,1417,178.1,1.88,0.36,38.1,17.32,24.15,60.4,28.4,29.1,0.2391,0.1345,0.0761,5.507,0.1301,0.3642,47.5,Critical,1
1853,21473.7,1202,222.1,1.48,0.3,20,15.01,18.67,55.4,30.2,29.6,0.1912,0.1831,0.0907,6.345,0.1006,0.3023,52.0,Critical,1
1854,21484.0,1019,186.8,1.7,0.26,33.7,15.25,20.72,53.6,28.5,27.7,0.3178,0.2116,0.0918,6.634,0.1226,0.3332,42.2,Critical,1
1855,21497.0,1075,119.2,0.83,0.27,48.0,14.18,22.01,58.8,27.3,25.3,0.3308,0.1655,0.1293,6.135,0.1677,0.3391,41.8,Critical,1
1856,21509.9,1142,187.0,1.76,0.29,34.7,16.33,21.63,57.8,29.4,26.7,0.144,0.1623,0.1739,6.638,0.1139,0.3443,43.1,Critical,1
1857,21523.9,1244,200.5,0.79,0.31,27.3,15.42,21.05,63.2,23.6,26.2,0.2557,0.2115,0.2143,6.52,0.136,0.3443,47.1,Critical,1
1858,21534.3,1216,200.0,1.91,0.31,30.2,15.69,19.96,57.5,29.8,26.4,0.3582,0.2299,0.0596,6.114,0.1557,0.3132,46.4,Critical,1
1859,21546.9,1271,189.3,1.47,0.32,27.4,16.01,20.13,58.3,25.7,29.0,0.1113,0.151,0.0979,5.966,0.1077,0.313,46.0,Critical,1
1860,21558.9,1312,149.7,1.74,0.33,44.7,16.42,22.02,61.6,29.0,25.7,0.3281,0.1844,0.122,5.757,0.1155,0.3157,38.7,Critical,1
1861,21568.0,1213,158.2,1.72,0.3,51.2,15.28,22.21,58.0,21.3,30.0,0.2494,0.2493,0.1507,6.202,0.128,0.3231,56.8,Critical,1
1862,21576.2,1250,176.3,1.67,0.31,33.9,13.13,17.07,62.0,31.0,28.5,0.1361,0.1125,0.0387,2.314,0.0308,0.2965,41.7,Worn,0
1863,21590.9,1384,232.1,1.09,0.35,45.9,16.21,23.42,55.6,27.8,23.5,0.2806,0.2187,0.1697,6.129,0.139,0.3268,46.8,Critical,1
1864,21599.0,1293,194.2,1.36,0.32,30.5,15.4,20.94,61.2,30.0,27.3,0.1644,0.1717,0.106,5.724,0.1241,0.3394,49.9,Critical,1
1865,21613.5,1249,166.2,1.83,0.31,38.4,15.0,21.13,64.1,28.2,26.7,0.2753,0.1777,0.183,5.735,0.1244,0.3573,45.0,Critical,1
1866,21626.8,1092,160.6,1.79,0.27,45.3,15.57,22.81,62.1,30.6,25.8,0.2655,0.103,0.1665,6.315,0.1044,0.3446,48.5,Critical,1
1867,21640.1,1048,218.3,1.97,0.26,39.1,14.96,23.02,57.5,32.1,25.9,0.3625,0.2111,0.147,5.692,0.1092,0.3343,50.0,Critical,1
1868,21654.2,1165,165.2,1.96,0.29,21.5,15.56,20.93,60.4,31.1,28.1,0.2897,0.1655,0.1259,5.977,0.1012,0.3171,42.5,Critical,1
1869,21663.8,1111,166.9,1.52,0.28,55.6,15.94,25.54,66.0,25.8,26.1,0.2477,0.1851,0.2133,5.734,0.1153,0.3269,42.9,Critical,1
1870,21678.6,1292,150.9,1.26,0.32,38.8,14.68,22.33,60.4,30.0,27.3,0.2511,0.1932,0.0685,5.636,0.1122,0.305,44.8,Critical,1
1871,21692.4,1161,175.0,1.47,0.29,36.5,14.56,21.57,60.3,27.0,29.3,0.3186,0.1348,0.133,6.276,0.1356,0.3603,48.1,Critical,1
1872,21700.7,1198,203.1,1.24,0.3,32.4,15.17,21.57,62.0,25.6,28.9,0.1956,0.1668,0.166,6.264,0.118,0.3335,45.8,Critical,1
1873,21713.4,1098,181.7,1.41,0.28,41.2,15.67,22.52,53.6,28.4,25.5,0.3055,0.2254,0.0995,6.278,0.0937,0.3136,46.0,Critical,1
1874,21725.1,1252,221.5,1.01,0.31,47.4,16.24,23.28,58.5,30.0,27.2,0.2614,0.1186,0.1661,5.6,0.1102,0.3354,46.3,Critical,1
1875,21737.9,1026,196.3,2.38,0.26,28.9,15.03,22.66,63.7,26.6,26.5,0.2546,0.2232,0.1196,6.821,0.1005,0.3347,50.9,Critical,1
1876,21752.1,949,175.2,1.55,0.24,40.4,11.13,17.25,61.0,26.2,26.6,0.2181,0.1857,0.122,1.581,0.0238,0.2888,40.8,Worn,0
1877,21762.1,1244,170.1,1.48,0.31,49.6,12.92,19.8,57.6,26.4,27.4,0.1212,0.0908,0.0623,2.117,0.0244,0.2965,44.8,Worn,0
1878,21773.8,1086,162.8,1.79,0.27,20,15.72,18.86,54.9,28.0,28.8,0.2931,0.2828,0.0471,6.425,0.142,0.3167,45.0,Critical,1
1879,21785.9,1360,163.0,1.49,0.34,28.3,15.54,20.85,63.8,27.7,25.8,0.3364,0.2198,0.0993,6.695,0.1118,0.3518,44.0,Critical,1
1880,21798.5,1272,137.2,0.69,0.32,43.3,15.65,21.92,60.4,26.3,26.6,0.4082,0.1654,0.0405,5.788,0.1015,0.312,49.8,Critical,1
1881,21807.3,1282,201.2,1.27,0.32,35.7,15.28,20.45,60.4,26.4,25.1,0.1841,0.2281,0.1206,5.79,0.1231,0.3415,54.3,Critical,1
1882,21819.4,1092,158.5,1.29,0.27,29.9,14.58,20.54,58.3,28.4,25.7,0.29,0.1457,0.0864,5.742,0.1221,0.3256,46.1,Critical,1
1883,21830.2,1025,181.3,1.98,0.26,44.3,15.62,24.68,59.3,27.5,30.5,0.2375,0.1804,0.1321,5.932,0.1157,0.3371,52.8,Critical,1
1884,21839.1,1181,154.3,1.57,0.3,26.4,16.09,18.19,59.6,28.0,25.3,0.2065,0.179,0.1111,6.297,0.1334,0.3526,56.7,Critical,1
1885,21852.0,981,157.4,1.97,0.25,47.9,15.58,21.83,54.4,30.2,26.9,0.3295,0.1433,0.167,6.89,0.1271,0.3591,42.2,Critical,1
1886,21864.9,1565,151.1,1.52,0.39,46.9,16.68,23.66,64.6,25.0,25.1,0.2234,0.1066,0.153,5.964,0.1478,0.3669,49.1,Critical,1
1887,21878.0,1413,180.5,0.59,0.36,37.8,16.5,21.86,61.1,29.7,25.8,0.1868,0.2075,0.0972,5.809,0.096,0.3253,49.4,Critical,1
1888,21892.9,776,214.9,1.88,0.2,27.9,13.46,19.78,61.0,25.8,34.6,0.1642,0.1867,0.1188,5.488,0.1137,0.322,46.2,Critical,1
1889,21903.0,989,176.9,0.86,0.25,36.0,14.49,20.86,60.8,30.6,28.2,0.3434,0.164,0.1109,6.111,0.1062,0.3199,48.9,Critical,1
1890,21914.0,1259,169.8,0.85,0.32,42.3,14.64,21.79,60.3,27.7,26.1,0.2249,0.0835,0.2013,6.31,0.0998,0.3138,47.6,Critical,1
1891,21924.7,1306,189.1,1.26,0.33,20,14.51,19.46,57.4,23.1,29.1,0.2505,0.173,0.1319,6.108,0.1014,0.322,50.8,Critical,1
1892,21934.6,1048,148.8,1.35,0.26,27.3,14.49,21.21,57.5,27.0,25.4,0.2918,0.1415,0.1365,5.931,0.1378,0.318,46.4,Critical,1
1893,21945.0,1212,194.7,0.98,0.3,45.0,15.83,21.92,62.1,27.8,27.5,0.3658,0.1744,0.0659,5.791,0.1165,0.3521,39.7,Critical,1
1894,21953.0,1285,176.1,1.6,0.32,34.3,16.02,22.72,58.4,30.7,22.5,0.1804,0.1509,0.1713,6.278,0.1193,0.3126,52.7,Critical,1
1895,21965.0,949,145.1,1.51,0.24,43.5,15.13,22.38,54.8,28.1,23.9,0.1604,0.253,0.1522,6.503,0.1104,0.3597,53.0,Critical,1
1896,21974.7,1172,189.6,1.94,0.29,33.9,15.47,24.71,63.5,27.0,27.5,0.27,0.2099,0.1295,6.885,0.1156,0.3426,43.9,Critical,1
1897,21987.5,1275,187.9,1.22,0.32,20,14.94,20.45,57.8,27.9,24.6,0.2568,0.1675,0.118,5.87,0.1114,0.3337,51.3,Critical,1
1898,21996.7,1189,168.6,1.2,0.3,32.7,16.22,22.21,58.5,28.4,23.0,0.2359,0.0779,0.1426,5.683,0.1178,0.3359,47.9,Critical,1
1899,22007.5,1394,212.0,1.46,0.35,34.4,15.39,21.09,64.4,28.6,27.0,0.2611,0.1749,0.1398,6.538,0.0988,0.3711,51.9,Critical,1
1900,22015.7,1390,178.6,1.47,0.35,22.7,16.63,19.78,56.2,29.0,24.5,0.2954,0.1765,0.1503,6.046,0.1077,0.3466,48.3,Critical,1
1901,22024.1,1068,196.5,1.47,0.27,36.6,15.55,20.93,60.3,27.9,29.4,0.3151,0.2366,0.1183,6.74,0.1162,0.351,43.2,Critical,1
1902,22038.2,1130,190.7,0.8,0.28,38.9,14.31,20.15,56.1,25.0,29.6,0.2832,0.2017,0.1971,5.43,0.1308,0.3058,49.1,Critical,1
1903,22051.4,931,237.7,1.11,0.23,45.1,13.83,23.32,59.1,30.8,26.6,0.2868,0.1294,0.1749,5.863,0.1328,0.3562,45.4,Critical,1
1904,22064.7,1183,193.4,1.49,0.3,37.3,16.31,22.33,60.9,28.3,29.2,0.2854,0.2037,0.1092,6.456,0.0987,0.3023,37.9,Critical,1
1905,22079.1,1150,188.8,1.57,0.29,38.4,14.61,21.69,62.3,27.7,27.0,0.2153,0.2275,0.0938,7.017,0.1214,0.3413,45.7,Critical,1
1906,22093.9,1057,176.7,0.89,0.27,21.4,13.9,19.96,60.5,26.2,27.8,0.2181,0.1932,0.0619,5.79,0.0883,0.3495,51.8,Critical,1
1907,22104.8,1304,205.9,1.42,0.33,30.9,16.14,19.94,59.4,25.4,24.9,0.2164,0.2103,0.2056,6.218,0.1156,0.321,46.2,Critical,1
1908,22118.5,1207,172.4,2.08,0.3,27.1,15.06,20.8,59.2,29.1,28.2,0.2609,0.1602,0.1256,5.61,0.1314,0.3506,42.6,Critical,1
1909,22130.5,1188,201.2,1.32,0.3,39.2,15.22,22.69,66.9,27.9,26.0,0.1206,0.1489,0.1249,6.909,0.1209,0.3679,39.4,Critical,1
1910,22144.5,995,132.3,1.09,0.25,39.3,14.97,23.18,61.9,27.3,29.4,0.1994,0.1655,0.0734,5.716,0.1492,0.3333,47.5,Critical,1
1911,22155.3,1257,138.5,0.9,0.32,39.1,14.8,21.87,62.1,24.0,24.4,0.2896,0.1999,0.0805,5.582,0.1501,0.3417,50.8,Critical,1
1912,22166.6,1221,147.2,1.49,0.31,43.7,15.48,24.27,63.8,27.7,28.7,0.3022,0.1668,0.0887,6.328,0.102,0.3281,49.2,Critical,1
1913,22178.7,997,211.0,0.75,0.25,36.0,13.86,20.8,63.0,27.1,24.5,0.1897,0.1481,0.0696,6.068,0.1222,0.3433,46.8,Critical,1
1914,22189.8,895,189.7,0.62,0.22,25.9,14.43,21.61,65.1,27.2,28.9,0.3182,0.0972,0.1124,5.762,0.1344,0.3493,43.7,Critical,1
1915,22204.5,824,226.7,1.2,0.21,27.3,14.22,20.9,57.1,28.4,29.6,0.2093,0.1366,0.0504,5.765,0.0964,0.3414,40.6,Critical,1
1916,22216.6,1184,169.5,1.42,0.3,28.0,15.49,19.44,60.6,27.0,26.5,0.2142,0.1089,0.1342,6.183,0.1341,0.3218,43.7,Critical,1
1917,22230.4,1101,253.5,2.27,0.28,29.3,14.54,22.13,58.8,25.3,26.1,0.2691,0.17,0.1247,5.624,0.0963,0.3241,44.8,Critical,1
1918,22244.1,1100,144.9,1.22,0.28,39.3,14.47,23.09,60.6,25.3,28.0,0.2982,0.01,0.1761,6.44,0.0937,0.3278,47.0,Critical,1
1919,22252.1,1166,250.9,1.04,0.29,34.1,14.76,23.41,59.0,30.0,26.5,0.2415,0.1399,0.1111,6.436,0.1282,0.3404,50.3,Critical,1
1920,22266.1,1331,171.4,0.99,0.33,37.9,15.44,22.37,59.4,30.1,26.2,0.2043,0.0926,0.097,6.565,0.1278,0.3459,47.0,Critical,1
1921,22280.4,1218,164.6,1.71,0.31,22.0,15.46,18.83,57.7,27.9,29.3,0.1543,0.1792,0.1155,5.916,0.1362,0.3135,44.7,Critical,1
1922,22292.0,1349,171.5,2.65,0.34,26.0,15.27,20.17,58.3,26.9,25.0,0.2925,0.0528,0.126,5.778,0.1452,0.3173,43.2,Critical,1
1923,22305.2,1323,225.0,1.22,0.33,41.2,16.6,20.33,66.2,29.7,26.0,0.2929,0.2099,0.0596,5.875,0.13,0.328,45.7,Critical,1
1924,22319.5,1068,181.7,2.55,0.27,36.4,14.64,22.09,62.5,24.3,30.2,0.1612,0.2108,0.1508,5.546,0.1095,0.3385,46.1,Critical,1
1925,22330.1,1185,226.3,1.57,0.3,29.7,14.35,16.63,60.8,27.6,28.4,0.1894,0.1117,0.0724,2.421,0.0306,0.2984,50.1,Worn,0
1926,22344.0,834,238.0,1.51,0.21,36.4,13.94,21.9,55.7,30.2,27.8,0.3762,0.0624,0.1559,5.914,0.1171,0.3291,41.3,Critical,1
1927,22352.4,1097,242.5,1.71,0.28,38.4,14.77,22.71,49.9,26.1,25.0,0.2247,0.1928,0.2033,5.481,0.1356,0.3177,43.6,Critical,1
1928,22365.7,1037,157.6,1.09,0.26,32.6,14.08,17.95,60.6,26.4,22.8,0.163,0.2314,0.1598,6.17,0.0939,0.3303,45.6,Critical,1
1929,22378.6,1314,230.9,1.37,0.33,35.3,16.05,21.39,60.1,28.8,25.1,0.2814,0.2033,0.13,6.499,0.1214,0.3479,41.2,Critical,1
1930,22388.6,1091,206.6,1.27,0.27,22.7,15.44,19.57,61.8,29.8,28.1,0.3185,0.1639,0.1031,6.368,0.1055,0.362,46.5,Critical,1
1931,22398.2,989,225.7,1.37,0.25,28.4,14.55,21.29,55.2,28.9,26.1,0.3646,0.1245,0.1115,6.171,0.1389,0.3332,48.1,Critical,1
1932,22412.2,1026,174.0,0.9,0.26,47.0,14.43,21.62,54.1,25.9,27.0,0.2243,0.124,0.1029,6.698,0.1269,0.3122,46.9,Critical,1
1933,22423.8,1217,182.5,2.92,0.31,28.6,15.78,20.99,61.3,29.7,26.3,0.356,0.1815,0.0673,6.247,0.1395,0.3687,46.1,Critical,1
1934,22434.0,1208,180.1,1.92,0.3,29.2,16.26,21.74,60.8,24.6,26.3,0.1815,0.1504,0.1403,5.757,0.1148,0.3294,49.5,Critical,1
1935,22446.5,1097,197.3,1.77,0.28,32.7,16.6,19.88,56.6,30.2,30.3,0.1963,0.0503,0.1359,5.884,0.1244,0.3473,48.3,Critical,1
1936,22461.0,1147,195.7,1.23,0.29,35.5,15.41,21.53,59.4,28.1,26.9,0.1368,0.1836,0.1732,6.042,0.1173,0.3564,47.7,Critical,1
1937,22475.3,1117,173.0,1.83,0.28,38.4,15.38,22.09,56.9,29.9,28.7,0.1974,0.1856,0.1562,5.832,0.1324,0.3201,46.3,Critical,1
1938,22486.4,1245,211.1,1.13,0.31,33.7,16.09,21.18,61.1,30.1,28.8,0.0793,0.1369,0.1195,6.187,0.1021,0.3229,51.9,Critical,1
1939,22498.6,941,222.8,1.52,0.24,45.3,15.47,23.89,59.8,27.7,29.2,0.1492,0.2565,0.2004,6.704,0.1215,0.3487,49.6,Critical,1
1940,22510.9,1426,157.9,1.72,0.36,27.2,17.17,20.66,59.9,28.8,22.6,0.2471,0.1759,0.1103,6.448,0.1185,0.3206,51.4,Critical,1
1941,22522.0,1062,206.0,1.42,0.27,41.9,15.26,21.52,54.2,28.9,27.6,0.2114,0.1411,0.1365,5.812,0.1112,0.3157,45.8,Critical,1
1942,22536.8,1108,192.2,1.01,0.28,45.2,14.52,21.39,58.4,29.2,27.0,0.2948,0.2484,0.0484,6.059,0.1373,0.3534,43.3,Critical,1
1943,22548.5,963,161.2,1.29,0.24,43.0,14.49,22.95,58.0,26.1,25.8,0.2711,0.2467,0.0945,5.688,0.1317,0.3252,46.4,Critical,1
1944,22559.6,1174,184.7,0.98,0.29,35.0,14.09,20.99,57.4,30.9,26.9,0.2159,0.1787,0.0442,5.935,0.1171,0.3036,50.6,Critical,1
1945,22573.8,1148,100.9,1.46,0.29,22.8,14.87,20.03,62.5,26.9,28.6,0.3491,0.1757,0.0932,6.44,0.1369,0.3617,42.9,Critical,1
1946,22584.8,1320,202.9,1.28,0.33,44.6,16.67,21.34,58.7,24.7,24.9,0.1534,0.1407,0.1883,5.591,0.1197,0.3673,46.7,Critical,1
1947,22595.0,964,181.5,1.56,0.24,22.8,14.21,18.14,58.0,28.5,26.8,0.1482,0.193,0.1432,5.92,0.1136,0.3472,47.1,Critical,1
1948,22604.3,1396,191.5,1.36,0.35,35.9,16.08,22.77,59.1,32.4,25.4,0.2666,0.2397,0.1543,6.416,0.1161,0.3473,42.2,Critical,1
1949,22613.1,1439,173.5,1.58,0.36,38.0,15.6,22.51,57.5,27.5,26.9,0.1531,0.1371,0.0101,6.124,0.1064,0.3184,46.5,Critical,1
1950,22624.0,1365,165.3,1.81,0.34,41.1,15.93,20.76,65.5,26.0,26.1,0.2583,0.2919,0.1348,6.659,0.1351,0.3474,44.6,Critical,1
1951,22637.7,1097,225.1,0.96,0.28,22.2,14.76,20.88,54.9,26.1,24.3,0.2367,0.1642,0.0903,6.065,0.1254,0.3121,45.8,Critical,1
1952,22648.0,1102,186.7,1.17,0.28,35.6,16.08,22.34,59.7,25.6,29.6,0.2367,0.0371,0.1157,6.465,0.1359,0.327,48.8,Critical,1
1953,22658.8,1423,183.9,0.96,0.36,40.3,16.16,21.6,65.3,25.3,28.1,0.2716,0.1725,0.1441,6.585,0.1111,0.3554,44.7,Critical,1
1954,22668.9,1381,168.0,1.86,0.35,43.5,16.05,22.06,58.9,28.1,29.1,0.1895,0.2385,0.1881,6.674,0.1397,0.3821,44.0,Critical,1
1955,22683.6,1294,169.7,1.35,0.33,30.4,16.39,21.22,59.5,31.1,27.8,0.2543,0.1884,0.1289,6.589,0.1023,0.3453,44.4,Critical,1
1956,22696.1,1248,201.9,1.04,0.31,24.4,14.58,20.13,57.7,29.0,31.2,0.2487,0.1576,0.1004,5.605,0.094,0.3207,40.8,Critical,1
1957,22709.1,1327,152.2,1.46,0.33,25.7,16.41,21.4,61.5,29.3,26.5,0.2403,0.1681,0.0327,6.61,0.1027,0.3511,42.8,Critical,1
1958,22723.3,1573,165.6,1.66,0.4,33.0,16.22,20.39,60.4,29.2,27.9,0.247,0.2253,0.1663,6.151,0.1027,0.3538,47.0,Critical,1
1959,22733.0,1278,203.0,1.32,0.32,37.0,16.47,22.64,58.3,24.7,27.0,0.2001,0.1437,0.1238,6.358,0.1279,0.3234,47.4,Critical,1
1960,22741.4,1036,166.0,1.54,0.26,31.0,14.83,21.77,59.7,24.4,30.2,0.3673,0.2206,0.1317,6.103,0.0885,0.3667,44.0,Critical,1
1961,22755.7,1055,230.5,1.49,0.27,38.8,14.92,21.09,56.1,27.9,25.4,0.3057,0.1642,0.0829,6.579,0.0986,0.3491,42.1,Critical,1
1962,22769.2,1279,193.9,1.44,0.32,26.1,15.6,19.98,59.5,28.0,29.0,0.2329,0.1979,0.1883,6.601,0.1334,0.369,44.0,Critical,1
1963,22781.9,1470,180.8,1.38,0.37,46.8,15.82,23.62,62.8,27.6,28.7,0.2358,0.188,0.1511,6.489,0.1221,0.3375,52.1,Critical,1
1964,22793.0,1237,190.5,0.58,0.31,31.1,14.63,22.4,65.8,27.3,27.8,0.244,0.1688,0.0832,6.06,0.1152,0.3559,49.2,Critical,1
1965,22805.4,1080,178.4,2.15,0.27,22.3,15.61,20.19,57.5,26.3,25.4,0.3568,0.1325,0.1265,5.787,0.1222,0.3367,49.9,Critical,1
1966,22814.5,1201,197.4,1.13,0.3,39.7,15.9,21.59,59.7,26.9,25.8,0.1134,0.266,0.0964,6.184,0.1133,0.3622,44.6,Critical,1
1967,22824.6,1040,104.8,1.37,0.26,45.6,14.66,23.14,55.6,29.5,25.6,0.2434,0.2706,0.1299,6.42,0.1259,0.3467,46.9,Critical,1
1968,22837.4,1227,223.1,1.96,0.31,28.1,15.09,21.57,61.3,27.7,27.1,0.2529,0.1842,0.1428,6.529,0.1388,0.3475,51.3,Critical,1
1969,22846.9,1268,221.6,1.67,0.32,23.7,16.67,21.28,62.7,24.1,26.1,0.2863,0.1393,0.0625,6.193,0.1151,0.3512,46.2,Critical,1
1970,22861.3,1112,157.5,1.57,0.28,38.6,15.09,21.07,59.7,29.5,27.9,0.2568,0.157,0.0942,7.024,0.1111,0.3378,49.0,Critical,1
1971,22872.8,1262,161.9,1.4,0.32,36.9,15.89,22.34,57.4,27.3,26.2,0.4136,0.1102,0.184,6.535,0.1149,0.3056,49.6,Critical,1
1972,22887.8,1429,240.2,0.99,0.36,40.1,16.18,22.38,61.9,30.6,24.1,0.3152,0.1262,0.1016,6.275,0.1292,0.3773,44.9,Critical,1
1973,22900.8,1241,172.7,0.99,0.31,30.7,15.54,21.36,59.7,24.8,25.9,0.1327,0.1322,0.1448,5.998,0.1048,0.3371,46.2,Critical,1
1974,22909.1,1362,170.3,1.66,0.34,44.2,16.25,20.73,56.0,28.6,27.1,0.3168,0.0923,0.0932,6.3,0.1414,0.3535,49.0,Critical,1
1975,22917.3,1294,180.9,1.31,0.33,29.7,15.47,20.22,59.8,28.3,29.2,0.1081,0.1438,0.1484,6.926,0.0991,0.3372,46.2,Critical,1
1976,22930.8,1221,195.6,0.92,0.31,38.5,14.45,19.47,57.6,29.8,25.6,0.2952,0.1369,0.0944,6.324,0.1118,0.363,44.4,Critical,1
1977,22941.6,1124,217.6,1.37,0.28,35.7,14.97,22.18,62.5,26.0,25.6,0.1876,0.1752,0.1862,6.13,0.1385,0.318,45.9,Critical,1
1978,22954.2,1137,245.9,1.02,0.29,32.3,14.76,22.21,60.2,27.0,27.4,0.2327,0.1516,0.1317,6.302,0.1392,0.3439,49.7,Critical,1
1979,22966.3,1078,180.0,1.55,0.27,38.7,15.2,21.71,60.0,27.0,26.1,0.2942,0.1498,0.1582,5.683,0.1242,0.3475,52.3,Critical,1
1980,22977.3,1472,175.3,1.05,0.37,43.2,16.99,22.33,62.4,28.5,27.4,0.2132,0.158,0.138,7.566,0.1009,0.3624,47.8,Critical,1
1981,22985.9,1007,192.9,1.2,0.25,31.6,13.86,21.49,59.2,28.2,26.8,0.316,0.0889,0.0902,6.235,0.1121,0.3599,51.6,Critical,1
1982,22999.5,1215,208.1,1.95,0.31,20,15.85,20.46,67.1,28.8,28.0,0.3292,0.1382,0.1281,6.46,0.1092,0.334,43.3,Critical,1
1983,23008.2,1094,196.1,1.28,0.27,37.2,15.03,21.79,60.2,25.7,27.4,0.2652,0.1954,0.0624,5.401,0.1045,0.3013,46.4,Critical,1
1984,23022.7,1300,151.3,1.68,0.33,21.8,15.24,21.72,56.6,25.4,25.2,0.1601,0.2207,0.1384,7.508,0.1433,0.3771,46.3,Critical,1
1985,23037.5,1046,248.7,1.76,0.26,38.4,15.54,22.47,62.1,28.9,31.3,0.3216,0.144,0.1679,6.068,0.1137,0.3455,45.4,Critical,1
1986,23051.4,1185,167.1,1.51,0.3,34.8,14.73,19.63,60.6,28.1,27.2,0.3933,0.2772,0.1672,6.386,0.1043,0.3246,48.5,Critical,1
1987,23065.6,1231,183.9,1.96,0.31,42.1,16.07,24.11,58.7,26.7,25.2,0.3035,0.1758,0.1029,6.396,0.1225,0.3567,50.7,Critical,1
1988,23076.1,1261,160.3,2.01,0.32,37.0,16.19,21.67,60.7,29.7,25.7,0.2689,0.1393,0.1205,5.449,0.1136,0.328,48.2,Critical,1
1989,23090.2,1270,228.9,1.98,0.32,53.0,16.08,24.28,63.0,26.5,27.6,0.2527,0.1366,0.1367,5.46,0.1306,0.3377,52.5,Critical,1
1990,23102.7,1445,141.8,1.61,0.36,37.2,16.17,20.79,59.2,26.7,25.7,0.2856,0.2045,0.1105,7.031,0.0911,0.3876,44.8,Critical,1
1991,23111.7,1299,151.0,1.18,0.33,38.2,16.69,21.76,60.2,26.3,30.3,0.3374,0.2199,0.153,6.003,0.1165,0.3493,55.2,Critical,1
1992,23126.2,1285,193.0,1.24,0.32,24.8,15.51,19.07,57.5,26.4,25.1,0.1578,0.1286,0.0958,5.569,0.1369,0.3468,51.4,Critical,1
1993,23134.6,961,161.9,1.51,0.24,36.3,14.04,21.96,56.9,27.8,28.4,0.3832,0.1586,0.1553,6.848,0.1132,0.3721,44.7,Critical,1
1994,23145.6,1168,175.2,1.26,0.29,26.9,14.08,18.41,60.3,33.5,28.7,0.2656,0.1307,0.218,6.681,0.1004,0.3245,47.4,Critical,1
1995,23154.4,1129,206.7,1.11,0.28,31.2,15.85,21.37,59.2,25.3,30.7,0.2669,0.1852,0.1188,5.615,0.1034,0.3288,51.5,Critical,1
1996,23165.2,1049,179.0,1.73,0.26,50.8,14.96,23.19,61.2,29.2,24.0,0.3399,0.1306,0.1633,5.508,0.1089,0.3159,45.3,Critical,1
1997,23178.3,885,174.9,1.13,0.22,28.8,13.79,22.38,63.8,29.0,25.0,0.1694,0.1303,0.1432,5.906,0.1154,0.3174,45.4,Critical,1
1998,23192.1,1260,198.8,1.81,0.32,38.5,15.17,21.45,64.2,26.1,27.9,0.2115,0.0875,0.1575,6.228,0.1268,0.3387,46.2,Critical,1
1999,23201.4,1245,146.0,1.43,0.31,30.0,16.78,22.31,63.8,27.9,26.7,0.2517,0.1829,0.0517,6.92,0.1208,0.3583,43.6,Critical,1
2000,23211.3,1078,206.1,2.08,0.27,40.0,15.29,24.52,58.0,28.6,31.0,0.1555,0.0735,0.1619,6.621,0.1272,0.3456,44.0,Critical,1
